Season,Week Start Date,Week End Date,County,Population,Cases during this week,Cumulative confirmed cases,Cumulative tests,Tests during the week,Positive tests the week,Week percent positivity,Weekly case rate,Weekly testing rate,Last updated
2023-2024,7/2/2023,7/8/2023,Barnstable,228995.9998,57,57,1014,1014,73,0.07199211,24.8912645,442.8024948,5/23/2024
2023-2024,7/2/2023,7/8/2023,Berkshire,129026,6,6,508,508,6,0.011811024,4.650225536,393.7190954,5/23/2024
2023-2024,7/2/2023,7/8/2023,Bristol,579200,35,35,598,598,37,0.06187291,6.04281768,103.2458564,5/23/2024
2023-2024,7/2/2023,7/8/2023,Dukes and Nantucket,34855,3,3,104,104,4,0.038461538,8.607086501,298.3789987,5/23/2024
2023-2024,7/2/2023,7/8/2023,Essex,809829.0011,65,65,1379,1379,70,0.050761421,8.026385806,170.282862,5/23/2024
2023-2024,7/2/2023,7/8/2023,Franklin,71028.9999,7,7,260,260,8,0.030769231,9.855129609,366.0476712,5/23/2024
2023-2024,7/2/2023,7/8/2023,Hampden,465824.9991,38,38,1781,1781,42,0.023582257,8.157569919,382.3324217,5/23/2024
2023-2024,7/2/2023,7/8/2023,Hampshire,162308.0003,9,9,364,364,10,0.027472527,5.545013175,224.2649773,5/23/2024
2023-2024,7/2/2023,7/8/2023,Middlesex,1632001.997,155,155,2520,2520,163,0.06468254,9.497537398,154.4115758,5/23/2024
2023-2024,7/2/2023,7/8/2023,Norfolk,725980.9995,58,58,1074,1074,62,0.057728119,7.989189805,147.937756,5/23/2024
2023-2024,7/2/2023,7/8/2023,Plymouth,530818.9998,47,47,722,722,48,0.066481994,8.854242221,136.0162316,5/23/2024
2023-2024,7/2/2023,7/8/2023,Statewide (all of MA),7029916.997,607,607,13331,13331,659,0.049433651,8.634525845,189.6323955,5/23/2024
2023-2024,7/2/2023,7/8/2023,Suffolk,797935.9991,62,62,1451,1451,64,0.044107512,7.770046729,181.8441581,5/23/2024
2023-2024,7/2/2023,7/8/2023,Unknown,,2,2,129,129,2,*,*,*,5/23/2024
2023-2024,7/2/2023,7/8/2023,Worcester,862111.0013,63,63,1427,1427,70,0.049053959,7.307643668,165.5239288,5/23/2024
2023-2024,7/9/2023,7/15/2023,Barnstable,228995.9998,42,99,2124,1110,58,0.052252252,18.34093174,484.7246244,5/23/2024
2023-2024,7/9/2023,7/15/2023,Berkshire,129026,21,27,1183,675,22,0.032592593,16.27578938,523.1503728,5/23/2024
2023-2024,7/9/2023,7/15/2023,Bristol,579200,49,84,1228,630,53,0.084126984,8.459944751,108.7707182,5/23/2024
2023-2024,7/9/2023,7/15/2023,Dukes and Nantucket,34855,6,9,238,134,8,0.059701493,17.214173,384.4498637,5/23/2024
2023-2024,7/9/2023,7/15/2023,Essex,809829.0011,94,159,2997,1618,100,0.061804697,11.6073887,199.7952651,5/23/2024
2023-2024,7/9/2023,7/15/2023,Franklin,71028.9999,9,16,536,276,9,0.032608696,12.67088093,388.5736817,5/23/2024
2023-2024,7/9/2023,7/15/2023,Hampden,465824.9991,35,73,3575,1794,36,0.02006689,7.513551241,385.1231693,5/23/2024
2023-2024,7/9/2023,7/15/2023,Hampshire,162308.0003,6,15,706,342,8,0.023391813,3.69667545,210.7105006,5/23/2024
2023-2024,7/9/2023,7/15/2023,Middlesex,1632001.997,186,341,5300,2780,200,0.071942446,11.39704488,170.3429288,5/23/2024
2023-2024,7/9/2023,7/15/2023,Norfolk,725980.9995,58,116,2212,1138,61,0.053602812,7.989189805,156.7534138,5/23/2024
2023-2024,7/9/2023,7/15/2023,Plymouth,530818.9998,50,97,1485,763,52,0.068152031,9.419406619,143.740145,5/23/2024
2023-2024,7/9/2023,7/15/2023,Statewide (all of MA),7029916.997,716,1323,27765,14434,779,0.053969794,10.18504202,205.3224811,5/23/2024
2023-2024,7/9/2023,7/15/2023,Suffolk,797935.9991,100,162,2958,1507,105,0.069674851,12.53233343,188.8622649,5/23/2024
2023-2024,7/9/2023,7/15/2023,Unknown,,0,2,270,141,0,*,*,*,5/23/2024
2023-2024,7/9/2023,7/15/2023,Worcester,862111.0013,60,123,2953,1526,67,0.043905636,6.959660636,177.0073689,5/23/2024
2023-2024,7/16/2023,7/22/2023,Barnstable,228995.9998,57,156,3183,1059,69,0.065155807,24.8912645,462.453493,5/23/2024
2023-2024,7/16/2023,7/22/2023,Berkshire,129026,33,60,1850,667,37,0.055472264,25.57624045,516.9500721,5/23/2024
2023-2024,7/16/2023,7/22/2023,Bristol,579200,64,148,1828,600,66,0.11,11.04972376,103.5911602,5/23/2024
2023-2024,7/16/2023,7/22/2023,Dukes and Nantucket,34855,8,17,376,138,9,0.065217391,22.95223067,395.9259791,5/23/2024
2023-2024,7/16/2023,7/22/2023,Essex,809829.0011,95,254,4582,1585,103,0.064984227,11.73087156,195.7203308,5/23/2024
2023-2024,7/16/2023,7/22/2023,Franklin,71028.9999,14,30,791,255,14,0.054901961,19.71025922,359.0082929,5/23/2024
2023-2024,7/16/2023,7/22/2023,Hampden,465824.9991,59,132,5333,1758,59,0.033560865,12.66570066,377.3949452,5/23/2024
2023-2024,7/16/2023,7/22/2023,Hampshire,162308.0003,10,25,1034,328,13,0.039634146,6.16112575,202.0849246,5/23/2024
2023-2024,7/16/2023,7/22/2023,Middlesex,1632001.997,192,533,8045,2745,209,0.076138434,11.76469149,168.1983236,5/23/2024
2023-2024,7/16/2023,7/22/2023,Norfolk,725980.9995,79,195,3375,1163,86,0.07394669,10.88182749,160.1970301,5/23/2024
2023-2024,7/16/2023,7/22/2023,Plymouth,530818.9998,60,157,2366,881,69,0.078320091,11.30328794,165.9699446,5/23/2024
2023-2024,7/16/2023,7/22/2023,Statewide (all of MA),7029916.997,864,2187,42051,14286,947,0.066288674,12.29033003,203.2171931,5/23/2024
2023-2024,7/16/2023,7/22/2023,Suffolk,797935.9991,92,254,4436,1478,106,0.071718539,11.52974676,185.2278882,5/23/2024
2023-2024,7/16/2023,7/22/2023,Unknown,,4,6,428,158,4,*,*,*,5/23/2024
2023-2024,7/16/2023,7/22/2023,Worcester,862111.0013,97,220,4424,1471,103,0.070020394,11.25145136,170.6276799,5/23/2024
2023-2024,7/23/2023,7/29/2023,Barnstable,228995.9998,58,214,3949,766,80,0.104438642,25.32795335,334.5036597,5/23/2024
2023-2024,7/23/2023,7/29/2023,Berkshire,129026,27,87,2503,653,31,0.047473201,20.92601491,506.0995458,5/23/2024
2023-2024,7/23/2023,7/29/2023,Bristol,579200,61,209,2491,663,63,0.095022624,10.53176796,114.468232,5/23/2024
2023-2024,7/23/2023,7/29/2023,Dukes and Nantucket,34855,4,21,495,119,9,0.075630252,11.47611533,341.4144312,5/23/2024
2023-2024,7/23/2023,7/29/2023,Essex,809829.0011,130,384,6336,1754,140,0.07981756,16.05277161,216.5889339,5/23/2024
2023-2024,7/23/2023,7/29/2023,Franklin,71028.9999,11,41,1021,230,11,0.047826087,15.48663224,323.8114014,5/23/2024
2023-2024,7/23/2023,7/29/2023,Hampden,465824.9991,78,210,7163,1830,80,0.043715847,16.74448562,392.8513934,5/23/2024
2023-2024,7/23/2023,7/29/2023,Hampshire,162308.0003,10,35,1398,364,11,0.03021978,6.16112575,224.2649773,5/23/2024
2023-2024,7/23/2023,7/29/2023,Middlesex,1632001.997,284,817,10963,2918,294,0.100753941,17.40193949,178.7988008,5/23/2024
2023-2024,7/23/2023,7/29/2023,Norfolk,725980.9995,72,267,4504,1129,77,0.068201949,9.917614931,155.5137119,5/23/2024
2023-2024,7/23/2023,7/29/2023,Plymouth,530818.9998,75,232,3225,859,79,0.091967404,14.12910993,161.8254057,5/23/2024
2023-2024,7/23/2023,7/29/2023,Statewide (all of MA),7029916.997,1045,3232,56598,14547,1131,0.077747989,14.86504038,206.929897,5/23/2024
2023-2024,7/23/2023,7/29/2023,Suffolk,797935.9991,121,375,6002,1566,134,0.085568327,15.16412346,196.2563416,5/23/2024
2023-2024,7/23/2023,7/29/2023,Unknown,,2,8,562,134,2,*,*,*,5/23/2024
2023-2024,7/23/2023,7/29/2023,Worcester,862111.0013,112,332,5986,1562,120,0.076824584,12.99136652,181.1831652,5/23/2024
2023-2024,7/30/2023,8/5/2023,Barnstable,228995.9998,76,290,5101,1152,95,0.082465278,33.18835266,503.0655562,5/23/2024
2023-2024,7/30/2023,8/5/2023,Berkshire,129026,44,131,3225,722,47,0.065096953,34.10165393,559.5771395,5/23/2024
2023-2024,7/30/2023,8/5/2023,Bristol,579200,54,263,3152,661,66,0.099848714,9.32320442,114.1229282,5/23/2024
2023-2024,7/30/2023,8/5/2023,Dukes and Nantucket,34855,7,28,610,115,7,0.060869565,20.08320184,329.9383159,5/23/2024
2023-2024,7/30/2023,8/5/2023,Essex,809829.0011,145,529,8316,1980,163,0.082323232,17.90501449,244.4960599,5/23/2024
2023-2024,7/30/2023,8/5/2023,Franklin,71028.9999,5,46,1318,297,5,0.016835017,7.039378292,418.1390705,5/23/2024
2023-2024,7/30/2023,8/5/2023,Hampden,465824.9991,83,293,9057,1894,88,0.046462513,17.81785009,406.5904586,5/23/2024
2023-2024,7/30/2023,8/5/2023,Hampshire,162308.0003,21,56,1781,383,23,0.060052219,12.93836407,235.9711162,5/23/2024
2023-2024,7/30/2023,8/5/2023,Middlesex,1632001.997,301,1118,14099,3136,319,0.101721939,18.44360488,192.1566276,5/23/2024
2023-2024,7/30/2023,8/5/2023,Norfolk,725980.9995,121,388,5811,1307,139,0.106350421,16.66710287,180.0322599,5/23/2024
2023-2024,7/30/2023,8/5/2023,Plymouth,530818.9998,103,335,4124,899,110,0.122358176,19.40397763,169.360931,5/23/2024
2023-2024,7/30/2023,8/5/2023,Statewide (all of MA),7029916.997,1234,4466,72569,15971,1354,0.084778661,17.55355007,227.1861817,5/23/2024
2023-2024,7/30/2023,8/5/2023,Suffolk,797935.9991,153,528,7616,1614,166,0.102850062,19.17447015,202.2718616,5/23/2024
2023-2024,7/30/2023,8/5/2023,Unknown,,5,13,707,145,5,*,*,*,5/23/2024
2023-2024,7/30/2023,8/5/2023,Worcester,862111.0013,116,448,7652,1666,121,0.072629052,13.4553439,193.246577,5/23/2024
2023-2024,8/6/2023,8/12/2023,Barnstable,228995.9998,129,419,6329,1228,151,0.122964169,56.33286176,536.2539088,5/23/2024
2023-2024,8/6/2023,8/12/2023,Berkshire,129026,48,179,4012,787,50,0.063532402,37.20180429,609.9545828,5/23/2024
2023-2024,8/6/2023,8/12/2023,Bristol,579200,93,356,3951,799,101,0.12640801,16.05662983,137.948895,5/23/2024
2023-2024,8/6/2023,8/12/2023,Dukes and Nantucket,34855,14,42,738,128,14,0.109375,40.16640367,367.2356907,5/23/2024
2023-2024,8/6/2023,8/12/2023,Essex,809829.0011,212,741,10271,1955,223,0.114066496,26.17836601,241.4089885,5/23/2024
2023-2024,8/6/2023,8/12/2023,Franklin,71028.9999,18,64,1616,298,19,0.063758389,25.34176185,419.5469462,5/23/2024
2023-2024,8/6/2023,8/12/2023,Hampden,465824.9991,101,394,10975,1918,109,0.056830031,21.68196215,411.742608,5/23/2024
2023-2024,8/6/2023,8/12/2023,Hampshire,162308.0003,27,83,2200,419,34,0.081145585,16.63503952,258.1511689,5/23/2024
2023-2024,8/6/2023,8/12/2023,Middlesex,1632001.997,367,1485,17579,3480,396,0.113793103,22.48771758,213.2350332,5/23/2024
2023-2024,8/6/2023,8/12/2023,Norfolk,725980.9995,164,552,7265,1454,185,0.127235213,22.5901229,200.2807237,5/23/2024
2023-2024,8/6/2023,8/12/2023,Plymouth,530818.9998,126,461,5104,980,139,0.141836735,23.73690468,184.6203697,5/23/2024
2023-2024,8/6/2023,8/12/2023,Statewide (all of MA),7029916.997,1673,6139,89752,17183,1816,0.105685852,23.79828952,244.4267835,5/23/2024
2023-2024,8/6/2023,8/12/2023,Suffolk,797935.9991,199,727,9388,1772,211,0.119074492,24.93934353,222.0729485,5/23/2024
2023-2024,8/6/2023,8/12/2023,Unknown,,4,17,870,163,4,*,*,*,5/23/2024
2023-2024,8/6/2023,8/12/2023,Worcester,862111.0013,171,619,9454,1802,180,0.099889012,19.83503281,209.0218078,5/23/2024
2023-2024,8/13/2023,8/19/2023,Barnstable,228995.9998,103,522,7517,1188,128,0.107744108,44.97895164,518.7863548,5/23/2024
2023-2024,8/13/2023,8/19/2023,Berkshire,129026,45,224,4755,743,50,0.067294751,34.87669152,575.8529289,5/23/2024
2023-2024,8/13/2023,8/19/2023,Bristol,579200,121,477,4842,891,126,0.141414141,20.89088398,153.8328729,5/23/2024
2023-2024,8/13/2023,8/19/2023,Dukes and Nantucket,34855,15,57,903,165,17,0.103030303,43.03543251,473.3897576,5/23/2024
2023-2024,8/13/2023,8/19/2023,Essex,809829.0011,218,959,12355,2084,230,0.110364683,26.91926317,257.3382772,5/23/2024
2023-2024,8/13/2023,8/19/2023,Franklin,71028.9999,20,84,1886,270,20,0.074074074,28.15751317,380.1264278,5/23/2024
2023-2024,8/13/2023,8/19/2023,Hampden,465824.9991,137,531,13216,2241,143,0.063810799,29.41018629,481.0819523,5/23/2024
2023-2024,8/13/2023,8/19/2023,Hampshire,162308.0003,38,121,2654,454,50,0.110132159,23.41227785,279.715109,5/23/2024
2023-2024,8/13/2023,8/19/2023,Middlesex,1632001.997,416,1901,21221,3642,445,0.122185612,25.49016489,223.1614916,5/23/2024
2023-2024,8/13/2023,8/19/2023,Norfolk,725980.9995,153,705,8721,1456,176,0.120879121,21.07493173,200.556213,5/23/2024
2023-2024,8/13/2023,8/19/2023,Plymouth,530818.9998,118,579,6144,1040,124,0.119230769,22.22979962,195.9236577,5/23/2024
2023-2024,8/13/2023,8/19/2023,Statewide (all of MA),7029916.997,1807,7946,108113,18361,1965,0.107020315,25.70442867,261.1837381,5/23/2024
2023-2024,8/13/2023,8/19/2023,Suffolk,797935.9991,224,951,11402,2014,249,0.123634558,28.07242689,252.4011954,5/23/2024
2023-2024,8/13/2023,8/19/2023,Unknown,,13,30,1072,202,13,*,*,*,5/23/2024
2023-2024,8/13/2023,8/19/2023,Worcester,862111.0013,186,805,11425,1971,194,0.098427194,21.57494797,228.6248519,5/23/2024
2023-2024,8/20/2023,8/26/2023,Barnstable,228995.9998,132,654,8786,1269,170,0.133963751,57.64292831,554.1581517,5/23/2024
2023-2024,8/20/2023,8/26/2023,Berkshire,129026,46,270,5556,801,51,0.063670412,35.65172911,620.805109,5/23/2024
2023-2024,8/20/2023,8/26/2023,Bristol,579200,129,606,5780,938,135,0.143923241,22.27209945,161.9475138,5/23/2024
2023-2024,8/20/2023,8/26/2023,Dukes and Nantucket,34855,26,83,1052,149,28,0.187919463,74.59474968,427.4852962,5/23/2024
2023-2024,8/20/2023,8/26/2023,Essex,809829.0011,215,1174,14530,2175,238,0.109425287,26.54881459,268.5752174,5/23/2024
2023-2024,8/20/2023,8/26/2023,Franklin,71028.9999,15,99,2173,287,15,0.052264808,21.11813488,404.060314,5/23/2024
2023-2024,8/20/2023,8/26/2023,Hampden,465824.9991,168,699,15416,2200,174,0.079090909,36.06504596,472.2803637,5/23/2024
2023-2024,8/20/2023,8/26/2023,Hampshire,162308.0003,42,163,3141,487,48,0.098562628,25.87672815,300.046824,5/23/2024
2023-2024,8/20/2023,8/26/2023,Middlesex,1632001.997,480,2381,25198,3977,510,0.128237365,29.41172872,243.6884273,5/23/2024
2023-2024,8/20/2023,8/26/2023,Norfolk,725980.9995,184,889,10325,1604,206,0.128428928,25.34501593,220.9424215,5/23/2024
2023-2024,8/20/2023,8/26/2023,Plymouth,530818.9998,165,744,7318,1174,184,0.156729131,31.08404184,221.1676674,5/23/2024
2023-2024,8/20/2023,8/26/2023,Statewide (all of MA),7029916.997,2106,10052,127768,19655,2294,0.116713305,29.95767946,279.5907833,5/23/2024
2023-2024,8/20/2023,8/26/2023,Suffolk,797935.9991,268,1219,13628,2226,290,0.130278527,33.5866536,278.9697422,5/23/2024
2023-2024,8/20/2023,8/26/2023,Unknown,,2,32,1264,192,2,*,*,*,5/23/2024
2023-2024,8/20/2023,8/26/2023,Worcester,862111.0013,234,1039,13601,2176,243,0.111672794,27.14267648,252.4036924,5/23/2024
2023-2024,8/27/2023,9/2/2023,Barnstable,228995.9998,139,793,10178,1392,180,0.129310345,60.69975027,607.8708804,5/23/2024
2023-2024,8/27/2023,9/2/2023,Berkshire,129026,62,332,6394,838,67,0.079952267,48.05233054,649.4814999,5/23/2024
2023-2024,8/27/2023,9/2/2023,Bristol,579200,170,776,6876,1096,181,0.165145985,29.35082873,189.2265193,5/23/2024
2023-2024,8/27/2023,9/2/2023,Dukes and Nantucket,34855,10,93,1185,133,11,0.082706767,28.69028834,381.5808349,5/23/2024
2023-2024,8/27/2023,9/2/2023,Essex,809829.0011,310,1484,17029,2499,329,0.131652661,38.27968615,308.5836635,5/23/2024
2023-2024,8/27/2023,9/2/2023,Franklin,71028.9999,28,127,2482,309,28,0.090614887,39.42051844,435.0335784,5/23/2024
2023-2024,8/27/2023,9/2/2023,Hampden,465824.9991,192,891,17751,2335,198,0.084796574,41.21719538,501.2612042,5/23/2024
2023-2024,8/27/2023,9/2/2023,Hampshire,162308.0003,35,198,3605,464,36,0.077586207,21.56394012,285.8762348,5/23/2024
2023-2024,8/27/2023,9/2/2023,Middlesex,1632001.997,511,2892,29279,4081,554,0.135751041,31.3112362,250.0609685,5/23/2024
2023-2024,8/27/2023,9/2/2023,Norfolk,725980.9995,231,1120,12035,1710,254,0.148538012,31.81901457,235.5433546,5/23/2024
2023-2024,8/27/2023,9/2/2023,Plymouth,530818.9998,197,941,8527,1209,214,0.17700579,37.11246208,227.761252,5/23/2024
2023-2024,8/27/2023,9/2/2023,Statewide (all of MA),7029916.997,2410,12462,148677,20909,2615,0.125065761,34.28205484,297.4288318,5/23/2024
2023-2024,8/27/2023,9/2/2023,Suffolk,797935.9991,257,1476,15858,2230,286,0.128251121,32.20809693,279.4710356,5/23/2024
2023-2024,8/27/2023,9/2/2023,Unknown,,13,45,1451,187,13,*,*,*,5/23/2024
2023-2024,8/27/2023,9/2/2023,Worcester,862111.0013,255,1294,16027,2426,264,0.108821105,29.5785577,281.4022784,5/23/2024
2023-2024,9/3/2023,9/9/2023,Barnstable,228995.9998,140,933,11526,1348,170,0.12611276,61.13643912,588.6565709,5/23/2024
2023-2024,9/3/2023,9/9/2023,Berkshire,129026,74,406,7238,844,86,0.101895735,57.35278161,654.1317254,5/23/2024
2023-2024,9/3/2023,9/9/2023,Bristol,579200,168,944,8044,1168,180,0.154109589,29.00552486,201.6574586,5/23/2024
2023-2024,9/3/2023,9/9/2023,Dukes and Nantucket,34855,12,105,1336,151,12,0.079470199,34.428346,433.2233539,5/23/2024
2023-2024,9/3/2023,9/9/2023,Essex,809829.0011,241,1725,19425,2396,256,0.106844741,29.75936891,295.8649291,5/23/2024
2023-2024,9/3/2023,9/9/2023,Franklin,71028.9999,13,140,2759,277,14,0.050541516,18.30238356,389.9815574,5/23/2024
2023-2024,9/3/2023,9/9/2023,Hampden,465824.9991,209,1100,20251,2500,225,0.09,44.86663455,536.6822315,5/23/2024
2023-2024,9/3/2023,9/9/2023,Hampshire,162308.0003,54,252,4151,546,57,0.104395604,33.27007905,336.3974659,5/23/2024
2023-2024,9/3/2023,9/9/2023,Middlesex,1632001.997,553,3445,33614,4335,581,0.134025375,33.88476246,265.624675,5/23/2024
2023-2024,9/3/2023,9/9/2023,Norfolk,725980.9995,236,1356,13716,1681,257,0.152885187,32.50773783,231.5487597,5/23/2024
2023-2024,9/3/2023,9/9/2023,Plymouth,530818.9998,185,1126,9878,1351,205,0.151739452,34.85180449,254.5123668,5/23/2024
2023-2024,9/3/2023,9/9/2023,Statewide (all of MA),7029916.997,2528,14990,170524,21847,2743,0.125554996,35.96059528,310.7718058,5/23/2024
2023-2024,9/3/2023,9/9/2023,Suffolk,797935.9991,312,1788,18266,2408,349,0.144933555,39.10088032,301.7785891,5/23/2024
2023-2024,9/3/2023,9/9/2023,Unknown,,13,58,1685,234,13,*,*,*,5/23/2024
2023-2024,9/3/2023,9/9/2023,Worcester,862111.0013,318,1612,18635,2608,338,0.129601227,36.88620137,302.513249,5/23/2024
2023-2024,9/10/2023,9/16/2023,Barnstable,228995.9998,145,1078,12956,1430,175,0.122377622,63.31988337,624.4650567,5/23/2024
2023-2024,9/10/2023,9/16/2023,Berkshire,129026,74,480,8243,1005,82,0.08159204,57.35278161,778.9127773,5/23/2024
2023-2024,9/10/2023,9/16/2023,Bristol,579200,178,1122,9475,1431,184,0.128581412,30.7320442,247.0649171,5/23/2024
2023-2024,9/10/2023,9/16/2023,Dukes and Nantucket,34855,13,118,1489,153,13,0.08496732,37.29737484,438.9614116,5/23/2024
2023-2024,9/10/2023,9/16/2023,Essex,809829.0011,289,2014,22368,2943,313,0.10635406,35.68654612,363.4100527,5/23/2024
2023-2024,9/10/2023,9/16/2023,Franklin,71028.9999,21,161,3099,340,21,0.061764706,29.56538883,478.6777239,5/23/2024
2023-2024,9/10/2023,9/16/2023,Hampden,465824.9991,197,1297,22984,2733,204,0.074643249,42.29055984,586.7010155,5/23/2024
2023-2024,9/10/2023,9/16/2023,Hampshire,162308.0003,84,336,4839,688,85,0.123546512,51.7534563,423.8854516,5/23/2024
2023-2024,9/10/2023,9/16/2023,Middlesex,1632001.997,685,4130,38882,5268,724,0.137433561,41.97298786,322.7937227,5/23/2024
2023-2024,9/10/2023,9/16/2023,Norfolk,725980.9995,229,1585,15564,1848,249,0.13474026,31.54352527,254.5521166,5/23/2024
2023-2024,9/10/2023,9/16/2023,Plymouth,530818.9998,198,1324,11422,1544,213,0.137953368,37.30085021,290.8712764,5/23/2024
2023-2024,9/10/2023,9/16/2023,Statewide (all of MA),7029916.997,2686,17676,195441,24917,2886,0.115824537,38.20813249,354.4423072,5/23/2024
2023-2024,9/10/2023,9/16/2023,Suffolk,797935.9991,261,2049,20797,2531,291,0.114974318,32.70939026,317.1933592,5/23/2024
2023-2024,9/10/2023,9/16/2023,Unknown,,13,71,1914,229,13,*,*,*,5/23/2024
2023-2024,9/10/2023,9/16/2023,Worcester,862111.0013,299,1911,21409,2774,319,0.114996395,34.68230884,321.7683101,5/23/2024
2023-2024,9/17/2023,9/23/2023,Barnstable,228995.9998,148,1226,14368,1412,181,0.128186969,64.62994992,616.6046574,5/23/2024
2023-2024,9/17/2023,9/23/2023,Berkshire,129026,63,543,9432,1189,67,0.056349874,48.82736813,921.5196937,5/23/2024
2023-2024,9/17/2023,9/23/2023,Bristol,579200,189,1311,10987,1512,195,0.128968254,32.63121547,261.0497238,5/23/2024
2023-2024,9/17/2023,9/23/2023,Dukes and Nantucket,34855,9,127,1626,137,9,0.065693431,25.8212595,393.0569502,5/23/2024
2023-2024,9/17/2023,9/23/2023,Essex,809829.0011,302,2316,25639,3271,324,0.099052278,37.29182328,403.9124303,5/23/2024
2023-2024,9/17/2023,9/23/2023,Franklin,71028.9999,28,189,3429,330,28,0.084848485,39.42051844,464.5989673,5/23/2024
2023-2024,9/17/2023,9/23/2023,Hampden,465824.9991,261,1558,26095,3111,268,0.086145934,56.02962497,667.8473689,5/23/2024
2023-2024,9/17/2023,9/23/2023,Hampshire,162308.0003,57,393,5555,716,62,0.086592179,35.11841677,441.1366037,5/23/2024
2023-2024,9/17/2023,9/23/2023,Middlesex,1632001.997,657,4787,44791,5909,696,0.117786427,40.25730368,362.0706354,5/23/2024
2023-2024,9/17/2023,9/23/2023,Norfolk,725980.9995,287,1872,17906,2342,313,0.133646456,39.53271507,322.5979745,5/23/2024
2023-2024,9/17/2023,9/23/2023,Plymouth,530818.9998,207,1531,13224,1802,225,0.124861265,38.9963434,339.4754145,5/23/2024
2023-2024,9/17/2023,9/23/2023,Statewide (all of MA),7029916.997,2804,20480,223718,28277,3020,0.10680058,39.88667293,402.2380351,5/23/2024
2023-2024,9/17/2023,9/23/2023,Suffolk,797935.9991,283,2332,23826,3029,318,0.104985144,35.46650362,379.6043797,5/23/2024
2023-2024,9/17/2023,9/23/2023,Unknown,,6,77,2166,252,6,*,*,*,5/23/2024
2023-2024,9/17/2023,9/23/2023,Worcester,862111.0013,307,2218,24674,3265,328,0.100459418,35.61026359,378.721533,5/23/2024
2023-2024,9/24/2023,9/30/2023,Barnstable,228995.9998,146,1372,15909,1541,174,0.112913692,63.75657222,672.9375191,5/23/2024
2023-2024,9/24/2023,9/30/2023,Berkshire,129026,73,616,10582,1150,85,0.073913043,56.57774402,891.2932277,5/23/2024
2023-2024,9/24/2023,9/30/2023,Bristol,579200,170,1481,12520,1533,176,0.114807567,29.35082873,264.6754144,5/23/2024
2023-2024,9/24/2023,9/30/2023,Dukes and Nantucket,34855,12,139,1796,170,12,0.070588235,34.428346,487.7349017,5/23/2024
2023-2024,9/24/2023,9/30/2023,Essex,809829.0011,288,2604,29037,3398,310,0.091230135,35.56306327,419.5947534,5/23/2024
2023-2024,9/24/2023,9/30/2023,Franklin,71028.9999,26,215,3782,353,27,0.076487252,36.60476712,496.9801074,5/23/2024
2023-2024,9/24/2023,9/30/2023,Hampden,465824.9991,224,1782,29090,2995,237,0.079131886,48.08672794,642.9453133,5/23/2024
2023-2024,9/24/2023,9/30/2023,Hampshire,162308.0003,60,453,6258,703,67,0.095305832,36.9667545,433.1271402,5/23/2024
2023-2024,9/24/2023,9/30/2023,Middlesex,1632001.997,629,5416,50772,5981,672,0.112355793,38.54161951,366.4823947,5/23/2024
2023-2024,9/24/2023,9/30/2023,Norfolk,725980.9995,224,2096,20223,2317,249,0.107466552,30.85480201,319.1543583,5/23/2024
2023-2024,9/24/2023,9/30/2023,Plymouth,530818.9998,197,1728,15184,1960,222,0.113265306,37.11246208,369.2407394,5/23/2024
2023-2024,9/24/2023,9/30/2023,Statewide (all of MA),7029916.997,2646,23126,252465,28747,2873,0.099940863,37.63913573,408.9237471,5/23/2024
2023-2024,9/24/2023,9/30/2023,Suffolk,797935.9991,288,2620,26820,2994,318,0.106212425,36.09312029,375.218063,5/23/2024
2023-2024,9/24/2023,9/30/2023,Unknown,,9,86,2422,256,9,*,*,*,5/23/2024
2023-2024,9/24/2023,9/30/2023,Worcester,862111.0013,300,2518,28070,3396,315,0.092756184,34.79830318,393.916792,5/23/2024
2023-2024,10/1/2023,10/7/2023,Barnstable,228995.9998,183,1555,17479,1570,209,0.133121019,79.9140597,685.6014958,5/23/2024
2023-2024,10/1/2023,10/7/2023,Berkshire,129026,80,696,11684,1102,85,0.077132486,62.00300715,854.0914234,5/23/2024
2023-2024,10/1/2023,10/7/2023,Bristol,579200,179,1660,14094,1574,184,0.116899619,30.90469613,271.7541436,5/23/2024
2023-2024,10/1/2023,10/7/2023,Dukes and Nantucket,34855,14,153,1940,144,14,0.097222222,40.16640367,413.1401521,5/23/2024
2023-2024,10/1/2023,10/7/2023,Essex,809829.0011,301,2905,32633,3596,324,0.090100111,37.16834043,444.0443594,5/23/2024
2023-2024,10/1/2023,10/7/2023,Franklin,71028.9999,40,255,4173,391,42,0.10741688,56.31502634,550.4793824,5/23/2024
2023-2024,10/1/2023,10/7/2023,Hampden,465824.9991,244,2026,32188,3098,253,0.081665591,52.38018579,665.0566213,5/23/2024
2023-2024,10/1/2023,10/7/2023,Hampshire,162308.0003,69,522,6918,660,74,0.112121212,42.51176767,406.6342995,5/23/2024
2023-2024,10/1/2023,10/7/2023,Middlesex,1632001.997,618,6034,56905,6133,666,0.108592858,37.86760072,375.7961088,5/23/2024
2023-2024,10/1/2023,10/7/2023,Norfolk,725980.9995,239,2335,22581,2358,263,0.111535199,32.92097178,324.801889,5/23/2024
2023-2024,10/1/2023,10/7/2023,Plymouth,530818.9998,185,1913,16956,1772,213,0.12020316,34.85180449,333.8237706,5/23/2024
2023-2024,10/1/2023,10/7/2023,Statewide (all of MA),7029916.997,2638,25764,281246,28781,2874,0.099857545,37.52533637,409.4073943,5/23/2024
2023-2024,10/1/2023,10/7/2023,Suffolk,797935.9991,247,2867,29913,3093,279,0.090203686,30.95486358,387.6250731,5/23/2024
2023-2024,10/1/2023,10/7/2023,Unknown,,13,99,2669,247,13,*,*,*,5/23/2024
2023-2024,10/1/2023,10/7/2023,Worcester,862111.0013,226,2744,31113,3043,255,0.083798883,26.21472173,352.9707886,5/23/2024
2023-2024,10/8/2023,10/14/2023,Barnstable,228995.9998,150,1705,18905,1426,183,0.128330996,65.50332763,622.7183013,5/23/2024
2023-2024,10/8/2023,10/14/2023,Berkshire,129026,66,762,12703,1019,74,0.072620216,51.1524809,789.7633035,5/23/2024
2023-2024,10/8/2023,10/14/2023,Bristol,579200,107,1767,15460,1366,115,0.084187408,18.47375691,235.8425414,5/23/2024
2023-2024,10/8/2023,10/14/2023,Dukes and Nantucket,34855,14,167,2084,144,14,0.097222222,40.16640367,413.1401521,5/23/2024
2023-2024,10/8/2023,10/14/2023,Essex,809829.0011,237,3142,35762,3129,257,0.082134867,29.26543748,386.3778644,5/23/2024
2023-2024,10/8/2023,10/14/2023,Franklin,71028.9999,27,282,4501,328,29,0.088414634,38.01264278,461.783216,5/23/2024
2023-2024,10/8/2023,10/14/2023,Hampden,465824.9991,205,2231,35032,2844,222,0.078059072,44.00794298,610.5297065,5/23/2024
2023-2024,10/8/2023,10/14/2023,Hampshire,162308.0003,55,577,7554,636,68,0.106918239,33.88619162,391.8475977,5/23/2024
2023-2024,10/8/2023,10/14/2023,Middlesex,1632001.997,414,6448,62320,5415,468,0.086426593,25.36761602,331.8010646,5/23/2024
2023-2024,10/8/2023,10/14/2023,Norfolk,725980.9995,159,2494,24667,2086,188,0.09012464,21.90139964,287.3353437,5/23/2024
2023-2024,10/8/2023,10/14/2023,Plymouth,530818.9998,148,2061,18658,1702,172,0.101057579,27.88144359,320.6366013,5/23/2024
2023-2024,10/8/2023,10/14/2023,Statewide (all of MA),7029916.997,2000,27764,307457,26211,2262,0.086299645,28.44983804,372.8493524,5/23/2024
2023-2024,10/8/2023,10/14/2023,Suffolk,797935.9991,182,3049,32693,2780,210,0.075539568,22.80884685,348.3988695,5/23/2024
2023-2024,10/8/2023,10/14/2023,Unknown,,10,109,2917,248,10,*,*,*,5/23/2024
2023-2024,10/8/2023,10/14/2023,Worcester,862111.0013,226,2970,34201,3088,252,0.081606218,26.21472173,358.1905341,5/23/2024
2023-2024,10/15/2023,10/21/2023,Barnstable,228995.9998,123,1828,20391,1486,149,0.100269179,53.71272865,648.9196324,5/23/2024
2023-2024,10/15/2023,10/21/2023,Berkshire,129026,79,841,13803,1100,92,0.083636364,61.22796956,852.5413483,5/23/2024
2023-2024,10/15/2023,10/21/2023,Bristol,579200,147,1914,16940,1480,163,0.110135135,25.37983425,255.5248619,5/23/2024
2023-2024,10/15/2023,10/21/2023,Dukes and Nantucket,34855,15,182,2232,148,16,0.108108108,43.03543251,424.6162674,5/23/2024
2023-2024,10/15/2023,10/21/2023,Essex,809829.0011,215,3357,39151,3389,236,0.069637061,26.54881459,418.4834077,5/23/2024
2023-2024,10/15/2023,10/21/2023,Franklin,71028.9999,27,309,4805,304,27,0.088815789,38.01264278,427.9942002,5/23/2024
2023-2024,10/15/2023,10/21/2023,Hampden,465824.9991,143,2374,37796,2764,157,0.056801737,30.69822364,593.3558751,5/23/2024
2023-2024,10/15/2023,10/21/2023,Hampshire,162308.0003,47,624,8159,605,56,0.092561983,28.95729102,372.7481078,5/23/2024
2023-2024,10/15/2023,10/21/2023,Middlesex,1632001.997,480,6928,68126,5806,522,0.089906993,29.41172872,355.7593686,5/23/2024
2023-2024,10/15/2023,10/21/2023,Norfolk,725980.9995,183,2677,26902,2235,213,0.095302013,25.20727128,307.8592968,5/23/2024
2023-2024,10/15/2023,10/21/2023,Plymouth,530818.9998,146,2207,20476,1818,166,0.091309131,27.50466733,342.4896247,5/23/2024
2023-2024,10/15/2023,10/21/2023,Statewide (all of MA),7029916.997,2029,29793,335020,27563,2282,0.082792149,28.86236069,392.0814429,5/23/2024
2023-2024,10/15/2023,10/21/2023,Suffolk,797935.9991,203,3252,35642,2949,233,0.079009834,25.44063687,369.578513,5/23/2024
2023-2024,10/15/2023,10/21/2023,Unknown,,7,116,3154,237,8,*,*,*,5/23/2024
2023-2024,10/15/2023,10/21/2023,Worcester,862111.0013,214,3184,37443,3242,244,0.075262184,24.8227896,376.0536631,5/23/2024
2023-2024,10/22/2023,10/28/2023,Barnstable,228995.9998,85,1913,21898,1507,120,0.079628401,37.11855232,658.0900982,5/23/2024
2023-2024,10/22/2023,10/28/2023,Berkshire,129026,46,887,14837,1034,60,0.058027079,35.65172911,801.3888674,5/23/2024
2023-2024,10/22/2023,10/28/2023,Bristol,579200,112,2026,18409,1469,124,0.084411164,19.33701657,253.6256906,5/23/2024
2023-2024,10/22/2023,10/28/2023,Dukes and Nantucket,34855,9,191,2401,169,14,0.082840237,25.8212595,484.8658729,5/23/2024
2023-2024,10/22/2023,10/28/2023,Essex,809829.0011,261,3618,42465,3314,280,0.084490042,32.22902608,409.2221933,5/23/2024
2023-2024,10/22/2023,10/28/2023,Franklin,71028.9999,16,325,5099,294,17,0.057823129,22.52601053,413.9154436,5/23/2024
2023-2024,10/22/2023,10/28/2023,Hampden,465824.9991,156,2530,40576,2780,162,0.058273381,33.48897124,596.7906414,5/23/2024
2023-2024,10/22/2023,10/28/2023,Hampshire,162308.0003,46,670,8832,673,57,0.084695394,28.34117845,414.6437629,5/23/2024
2023-2024,10/22/2023,10/28/2023,Middlesex,1632001.997,407,7335,73837,5711,443,0.077569603,24.93869497,349.9382973,5/23/2024
2023-2024,10/22/2023,10/28/2023,Norfolk,725980.9995,155,2832,29079,2177,178,0.081763895,21.35042103,299.870107,5/23/2024
2023-2024,10/22/2023,10/28/2023,Plymouth,530818.9998,148,2355,22434,1958,157,0.080183861,27.88144359,368.8639632,5/23/2024
2023-2024,10/22/2023,10/28/2023,Statewide (all of MA),7029916.997,1800,31593,362165,27145,2021,0.074452017,25.60485424,386.1354268,5/23/2024
2023-2024,10/22/2023,10/28/2023,Suffolk,797935.9991,172,3424,38564,2922,204,0.069815195,21.55561351,366.194783,5/23/2024
2023-2024,10/22/2023,10/28/2023,Unknown,,9,125,3388,234,9,*,*,*,5/23/2024
2023-2024,10/22/2023,10/28/2023,Worcester,862111.0013,178,3362,40346,2903,196,0.067516362,20.64699322,336.7315805,5/23/2024
2023-2024,10/29/2023,11/4/2023,Barnstable,228995.9998,74,1987,23299,1401,87,0.062098501,32.31497496,611.80108,5/23/2024
2023-2024,10/29/2023,11/4/2023,Berkshire,129026,42,929,15790,953,51,0.053515215,32.55157875,738.6108226,5/23/2024
2023-2024,10/29/2023,11/4/2023,Bristol,579200,82,2108,19882,1473,94,0.063815343,14.15745856,254.3162983,5/23/2024
2023-2024,10/29/2023,11/4/2023,Dukes and Nantucket,34855,4,195,2576,175,9,0.051428571,11.47611533,502.0800459,5/23/2024
2023-2024,10/29/2023,11/4/2023,Essex,809829.0011,184,3802,46011,3546,209,0.05893965,22.72084597,437.8702165,5/23/2024
2023-2024,10/29/2023,11/4/2023,Franklin,71028.9999,22,347,5394,295,24,0.081355932,30.97326448,415.3233192,5/23/2024
2023-2024,10/29/2023,11/4/2023,Hampden,465824.9991,159,2689,43439,2863,167,0.058330423,34.13298992,614.6084915,5/23/2024
2023-2024,10/29/2023,11/4/2023,Hampshire,162308.0003,32,702,9486,654,37,0.056574924,19.7156024,402.937624,5/23/2024
2023-2024,10/29/2023,11/4/2023,Middlesex,1632001.997,363,7698,79539,5702,396,0.069449316,22.24261984,349.3868274,5/23/2024
2023-2024,10/29/2023,11/4/2023,Norfolk,725980.9995,146,2978,31210,2131,174,0.081651807,20.11071916,293.533853,5/23/2024
2023-2024,10/29/2023,11/4/2023,Plymouth,530818.9998,127,2482,24249,1815,144,0.079338843,23.92529281,341.9244603,5/23/2024
2023-2024,10/29/2023,11/4/2023,Statewide (all of MA),7029916.997,1533,33126,389338,27173,1738,0.063960549,21.80680086,386.5337245,5/23/2024
2023-2024,10/29/2023,11/4/2023,Suffolk,797935.9991,132,3556,41446,2882,166,0.05759889,16.54268013,361.1818496,5/23/2024
2023-2024,10/29/2023,11/4/2023,Unknown,,5,130,3588,200,5,*,*,*,5/23/2024
2023-2024,10/29/2023,11/4/2023,Worcester,862111.0013,161,3523,43429,3083,175,0.056762893,18.67508937,357.6105624,5/23/2024
2023-2024,11/5/2023,11/11/2023,Barnstable,228995.9998,91,2078,24768,1469,110,0.074880871,39.73868543,641.4959219,5/23/2024
2023-2024,11/5/2023,11/11/2023,Berkshire,129026,55,984,16591,801,58,0.072409488,42.62706741,620.805109,5/23/2024
2023-2024,11/5/2023,11/11/2023,Bristol,579200,124,2232,21432,1550,129,0.083225806,21.40883978,267.6104972,5/23/2024
2023-2024,11/5/2023,11/11/2023,Dukes and Nantucket,34855,7,202,2738,162,7,0.043209877,20.08320184,464.7826711,5/23/2024
2023-2024,11/5/2023,11/11/2023,Essex,809829.0011,227,4029,49623,3612,239,0.066168328,28.03060889,446.0200851,5/23/2024
2023-2024,11/5/2023,11/11/2023,Franklin,71028.9999,11,358,5670,276,11,0.039855072,15.48663224,388.5736817,5/23/2024
2023-2024,11/5/2023,11/11/2023,Hampden,465824.9991,197,2886,46478,3039,204,0.067127345,42.29055984,652.3909206,5/23/2024
2023-2024,11/5/2023,11/11/2023,Hampshire,162308.0003,36,738,10134,648,48,0.074074074,22.1800527,399.2409486,5/23/2024
2023-2024,11/5/2023,11/11/2023,Middlesex,1632001.997,329,8027,85495,5956,367,0.061618536,20.15928906,364.9505338,5/23/2024
2023-2024,11/5/2023,11/11/2023,Norfolk,725980.9995,134,3112,33369,2159,169,0.07827698,18.45778334,297.3907033,5/23/2024
2023-2024,11/5/2023,11/11/2023,Plymouth,530818.9998,114,2596,26147,1898,127,0.06691254,21.47624709,357.5606752,5/23/2024
2023-2024,11/5/2023,11/11/2023,Statewide (all of MA),7029916.997,1657,34783,417515,28177,1863,0.066117756,23.57069082,400.8155432,5/23/2024
2023-2024,11/5/2023,11/11/2023,Suffolk,797935.9991,147,3703,44463,3017,192,0.063639377,18.42253015,378.1004997,5/23/2024
2023-2024,11/5/2023,11/11/2023,Unknown,,4,134,3801,213,4,*,*,*,5/23/2024
2023-2024,11/5/2023,11/11/2023,Worcester,862111.0013,181,3704,46806,3377,198,0.058631922,20.99497625,391.7128995,5/23/2024
2023-2024,11/12/2023,11/18/2023,Barnstable,228995.9998,82,2160,26412,1644,101,0.061435523,35.80848577,717.9164708,5/23/2024
2023-2024,11/12/2023,11/18/2023,Berkshire,129026,69,1053,17446,855,69,0.080701754,53.47759366,662.6571389,5/23/2024
2023-2024,11/12/2023,11/18/2023,Bristol,579200,154,2386,23198,1766,161,0.091166478,26.58839779,304.9033149,5/23/2024
2023-2024,11/12/2023,11/18/2023,Dukes and Nantucket,34855,6,208,2939,201,6,0.029850746,17.214173,576.6747956,5/23/2024
2023-2024,11/12/2023,11/18/2023,Essex,809829.0011,273,4302,53474,3851,298,0.077382498,33.71082039,475.5324883,5/23/2024
2023-2024,11/12/2023,11/18/2023,Franklin,71028.9999,18,376,5969,299,19,0.063545151,25.34176185,420.9548219,5/23/2024
2023-2024,11/12/2023,11/18/2023,Hampden,465824.9991,211,3097,49641,3163,220,0.069554221,45.29598034,679.0103593,5/23/2024
2023-2024,11/12/2023,11/18/2023,Hampshire,162308.0003,28,766,10774,640,29,0.0453125,17.2511521,394.312048,5/23/2024
2023-2024,11/12/2023,11/18/2023,Middlesex,1632001.997,409,8436,91756,6261,451,0.072033222,25.06124384,383.6392364,5/23/2024
2023-2024,11/12/2023,11/18/2023,Norfolk,725980.9995,171,3283,35775,2406,194,0.080631754,23.55433546,331.4136323,5/23/2024
2023-2024,11/12/2023,11/18/2023,Plymouth,530818.9998,183,2779,28348,2201,198,0.089959109,34.47502822,414.6422794,5/23/2024
2023-2024,11/12/2023,11/18/2023,Statewide (all of MA),7029916.997,1970,36753,447864,30349,2174,0.071633332,28.02309047,431.7120673,5/23/2024
2023-2024,11/12/2023,11/18/2023,Suffolk,797935.9991,180,3883,47728,3265,218,0.06676876,22.55820018,409.1806866,5/23/2024
2023-2024,11/12/2023,11/18/2023,Unknown,,5,139,4041,240,5,*,*,*,5/23/2024
2023-2024,11/12/2023,11/18/2023,Worcester,862111.0013,181,3885,50363,3557,205,0.057632837,20.99497625,412.5918814,5/23/2024
2023-2024,11/19/2023,11/25/2023,Barnstable,228995.9998,105,2265,27924,1512,131,0.086640212,45.85232934,660.2735425,5/23/2024
2023-2024,11/19/2023,11/25/2023,Berkshire,129026,58,1111,18139,693,62,0.089466089,44.95218018,537.1010494,5/23/2024
2023-2024,11/19/2023,11/25/2023,Bristol,579200,168,2554,24773,1575,173,0.10984127,29.00552486,271.9267956,5/23/2024
2023-2024,11/19/2023,11/25/2023,Dukes and Nantucket,34855,4,212,3145,206,4,0.019417476,11.47611533,591.0199398,5/23/2024
2023-2024,11/19/2023,11/25/2023,Essex,809829.0011,249,4551,56933,3459,282,0.081526453,30.74723178,427.1272078,5/23/2024
2023-2024,11/19/2023,11/25/2023,Franklin,71028.9999,17,393,6262,293,18,0.061433447,23.93388619,412.5075679,5/23/2024
2023-2024,11/19/2023,11/25/2023,Hampden,465824.9991,226,3323,52393,2752,236,0.085755814,48.51607373,590.7798004,5/23/2024
2023-2024,11/19/2023,11/25/2023,Hampshire,162308.0003,43,809,11346,572,43,0.075174825,26.49284072,352.4163929,5/23/2024
2023-2024,11/19/2023,11/25/2023,Middlesex,1632001.997,443,8879,97272,5516,486,0.088107324,27.14457463,337.9897825,5/23/2024
2023-2024,11/19/2023,11/25/2023,Norfolk,725980.9995,188,3471,37990,2215,212,0.095711061,25.89599454,305.1044038,5/23/2024
2023-2024,11/19/2023,11/25/2023,Plymouth,530818.9998,172,2951,30307,1959,190,0.096988259,32.40275877,369.0523513,5/23/2024
2023-2024,11/19/2023,11/25/2023,Statewide (all of MA),7029916.997,2068,38821,474789,26925,2285,0.084865367,29.41713253,383.0059446,5/23/2024
2023-2024,11/19/2023,11/25/2023,Suffolk,797935.9991,169,4052,50483,2755,201,0.072958258,21.1796435,345.2657861,5/23/2024
2023-2024,11/19/2023,11/25/2023,Unknown,,4,143,4265,224,4,*,*,*,5/23/2024
2023-2024,11/19/2023,11/25/2023,Worcester,862111.0013,222,4107,53557,3194,243,0.07608015,25.75074435,370.4859345,5/23/2024
2023-2024,11/26/2023,12/2/2023,Barnstable,228995.9998,126,2391,29728,1804,158,0.087583149,55.02279521,787.7866869,5/23/2024
2023-2024,11/26/2023,12/2/2023,Berkshire,129026,91,1202,19059,920,95,0.10326087,70.52842063,713.0345822,5/23/2024
2023-2024,11/26/2023,12/2/2023,Bristol,579200,246,2800,26855,2082,263,0.126320845,42.47237569,359.461326,5/23/2024
2023-2024,11/26/2023,12/2/2023,Dukes and Nantucket,34855,13,225,3402,257,15,0.058365759,37.29737484,737.3404103,5/23/2024
2023-2024,11/26/2023,12/2/2023,Essex,809829.0011,338,4889,61256,4323,364,0.084200786,41.73720619,533.8163976,5/23/2024
2023-2024,11/26/2023,12/2/2023,Franklin,71028.9999,24,417,6598,336,24,0.071428571,33.7890158,473.0462212,5/23/2024
2023-2024,11/26/2023,12/2/2023,Hampden,465824.9991,331,3654,56088,3695,349,0.094451962,71.05672745,793.2163381,5/23/2024
2023-2024,11/26/2023,12/2/2023,Hampshire,162308.0003,59,868,12055,709,61,0.086036671,36.35064192,436.8238156,5/23/2024
2023-2024,11/26/2023,12/2/2023,Middlesex,1632001.997,681,9560,104361,7089,730,0.102976442,41.72789012,434.3744685,5/23/2024
2023-2024,11/26/2023,12/2/2023,Norfolk,725980.9995,251,3722,40895,2905,284,0.097762478,34.57390761,400.1482135,5/23/2024
2023-2024,11/26/2023,12/2/2023,Plymouth,530818.9998,258,3209,32879,2572,281,0.109253499,48.60413815,484.5342765,5/23/2024
2023-2024,11/26/2023,12/2/2023,Statewide (all of MA),7029916.997,3064,41885,509692,34903,3349,0.095951637,43.58515188,496.4923486,5/23/2024
2023-2024,11/26/2023,12/2/2023,Suffolk,797935.9991,306,4358,54135,3652,360,0.098576123,38.34894031,457.680817,5/23/2024
2023-2024,11/26/2023,12/2/2023,Unknown,,13,156,4577,312,13,*,*,*,5/23/2024
2023-2024,11/26/2023,12/2/2023,Worcester,862111.0013,327,4434,57804,4247,352,0.082882034,37.93015047,492.6279787,5/23/2024
2023-2024,12/3/2023,12/9/2023,Barnstable,228995.9998,154,2545,31617,1889,182,0.096347274,67.25008303,824.9052392,5/23/2024
2023-2024,12/3/2023,12/9/2023,Berkshire,129026,92,1294,19956,897,97,0.108138239,71.30345822,695.2087176,5/23/2024
2023-2024,12/3/2023,12/9/2023,Bristol,579200,242,3042,28983,2128,250,0.117481203,41.78176796,367.4033149,5/23/2024
2023-2024,12/3/2023,12/9/2023,Dukes and Nantucket,34855,7,232,3604,202,13,0.064356436,20.08320184,579.5438244,5/23/2024
2023-2024,12/3/2023,12/9/2023,Essex,809829.0011,397,5286,65598,4342,427,0.098341778,49.02269485,536.1625719,5/23/2024
2023-2024,12/3/2023,12/9/2023,Franklin,71028.9999,25,442,6937,339,25,0.073746313,35.19689146,477.2698482,5/23/2024
2023-2024,12/3/2023,12/9/2023,Hampden,465824.9991,340,3994,59965,3877,360,0.0928553,72.98878348,832.2868046,5/23/2024
2023-2024,12/3/2023,12/9/2023,Hampshire,162308.0003,56,924,12796,741,61,0.082321188,34.5023042,456.539418,5/23/2024
2023-2024,12/3/2023,12/9/2023,Middlesex,1632001.997,769,10329,111706,7345,858,0.116814159,47.12004038,450.0607238,5/23/2024
2023-2024,12/3/2023,12/9/2023,Norfolk,725980.9995,253,3975,43904,3009,306,0.101694915,34.84939691,414.4736573,5/23/2024
2023-2024,12/3/2023,12/9/2023,Plymouth,530818.9998,280,3489,35381,2502,309,0.123501199,52.74867706,471.3471072,5/23/2024
2023-2024,12/3/2023,12/9/2023,Statewide (all of MA),7029916.997,3369,45254,545483,35791,3727,0.104132324,47.92375218,509.1240766,5/23/2024
2023-2024,12/3/2023,12/9/2023,Suffolk,797935.9991,357,4715,57952,3817,403,0.105580299,44.74043036,478.3591672,5/23/2024
2023-2024,12/3/2023,12/9/2023,Unknown,,16,172,4897,320,16,*,*,*,5/23/2024
2023-2024,12/3/2023,12/9/2023,Worcester,862111.0013,381,4815,62187,4383,420,0.095824778,44.19384504,508.4032095,5/23/2024
2023-2024,12/10/2023,12/16/2023,Barnstable,228995.9998,220,2765,33579,1962,270,0.137614679,96.07154719,856.7835254,5/23/2024
2023-2024,12/10/2023,12/16/2023,Berkshire,129026,103,1397,20815,859,105,0.122235157,79.8288717,665.7572892,5/23/2024
2023-2024,12/10/2023,12/16/2023,Bristol,579200,318,3360,31389,2406,336,0.139650873,54.90331492,415.4005525,5/23/2024
2023-2024,12/10/2023,12/16/2023,Dukes and Nantucket,34855,14,246,3866,262,14,0.053435115,40.16640367,751.6855544,5/23/2024
2023-2024,12/10/2023,12/16/2023,Essex,809829.0011,521,5807,70596,4998,548,0.109643858,64.33456931,617.1673271,5/23/2024
2023-2024,12/10/2023,12/16/2023,Franklin,71028.9999,45,487,7327,390,45,0.115384615,63.35440463,549.0715068,5/23/2024
2023-2024,12/10/2023,12/16/2023,Hampden,465824.9991,342,4336,63870,3905,353,0.090396927,73.41812927,838.2976456,5/23/2024
2023-2024,12/10/2023,12/16/2023,Hampshire,162308.0003,76,1000,13644,848,84,0.099056604,46.8245557,522.4634636,5/23/2024
2023-2024,12/10/2023,12/16/2023,Middlesex,1632001.997,1018,11347,119965,8259,1113,0.134762078,62.37737465,506.0655572,5/23/2024
2023-2024,12/10/2023,12/16/2023,Norfolk,725980.9995,390,4365,47254,3350,437,0.130447761,53.72041421,461.4445836,5/23/2024
2023-2024,12/10/2023,12/16/2023,Plymouth,530818.9998,375,3864,38291,2910,417,0.143298969,70.64554964,548.2094652,5/23/2024
2023-2024,12/10/2023,12/16/2023,Statewide (all of MA),7029916.997,4358,49612,584681,39198,4758,0.121383744,61.99219709,557.5883757,5/23/2024
2023-2024,12/10/2023,12/16/2023,Suffolk,797935.9991,412,5127,62031,4079,473,0.115959794,51.63321375,511.1938808,5/23/2024
2023-2024,12/10/2023,12/16/2023,Unknown,,19,191,5262,365,19,*,*,*,5/23/2024
2023-2024,12/10/2023,12/16/2023,Worcester,862111.0013,505,5320,66792,4605,544,0.118132465,58.57714369,534.1539538,5/23/2024
2023-2024,12/17/2023,12/23/2023,Barnstable,228995.9998,278,3043,35641,2062,315,0.152764306,121.3995005,900.4524104,5/23/2024
2023-2024,12/17/2023,12/23/2023,Berkshire,129026,125,1522,21725,910,126,0.138461538,96.87969867,705.2842063,5/23/2024
2023-2024,12/17/2023,12/23/2023,Bristol,579200,388,3748,33954,2565,403,0.15711501,66.98895028,442.8522099,5/23/2024
2023-2024,12/17/2023,12/23/2023,Dukes and Nantucket,34855,24,270,4187,321,24,0.074766355,68.85669201,920.9582556,5/23/2024
2023-2024,12/17/2023,12/23/2023,Essex,809829.0011,610,6417,75846,5250,647,0.123238095,75.32454372,648.2850074,5/23/2024
2023-2024,12/17/2023,12/23/2023,Franklin,71028.9999,52,539,7730,403,54,0.133995037,73.20953424,567.3738903,5/23/2024
2023-2024,12/17/2023,12/23/2023,Hampden,465824.9991,399,4735,67954,4084,416,0.101860921,85.65448415,876.7240934,5/23/2024
2023-2024,12/17/2023,12/23/2023,Hampshire,162308.0003,81,1081,14561,917,88,0.095965104,49.90511857,564.9752312,5/23/2024
2023-2024,12/17/2023,12/23/2023,Middlesex,1632001.997,1187,12534,128707,8742,1261,0.144246168,72.73275414,535.6611092,5/23/2024
2023-2024,12/17/2023,12/23/2023,Norfolk,725980.9995,433,4798,50645,3391,480,0.141551165,59.64343424,467.0921143,5/23/2024
2023-2024,12/17/2023,12/23/2023,Plymouth,530818.9998,472,4336,41342,3051,499,0.163552933,88.91919848,574.7721919,5/23/2024
2023-2024,12/17/2023,12/23/2023,Statewide (all of MA),7029916.997,5158,54770,625543,40862,5534,0.135431452,73.37213231,581.258641,5/23/2024
2023-2024,12/17/2023,12/23/2023,Suffolk,797935.9991,471,5598,66250,4219,543,0.128703484,59.02729048,528.7391476,5/23/2024
2023-2024,12/17/2023,12/23/2023,Unknown,,16,207,5688,426,16,*,*,*,5/23/2024
2023-2024,12/17/2023,12/23/2023,Worcester,862111.0013,622,5942,71313,4521,662,0.146427781,72.14848193,524.410429,5/23/2024
2023-2024,12/24/2023,12/30/2023,Barnstable,228995.9998,286,3329,37436,1795,337,0.187743733,124.8930113,783.8564873,5/23/2024
2023-2024,12/24/2023,12/30/2023,Berkshire,129026,141,1663,22581,856,143,0.167056075,109.2803001,663.4321765,5/23/2024
2023-2024,12/24/2023,12/30/2023,Bristol,579200,352,4100,36166,2212,373,0.168625678,60.77348066,381.9060773,5/23/2024
2023-2024,12/24/2023,12/30/2023,Dukes and Nantucket,34855,29,299,4476,289,29,0.100346021,83.20183618,829.149333,5/23/2024
2023-2024,12/24/2023,12/30/2023,Essex,809829.0011,606,7023,80683,4837,652,0.134794294,74.83061229,597.2865869,5/23/2024
2023-2024,12/24/2023,12/30/2023,Franklin,71028.9999,63,602,8161,431,65,0.150812065,88.69616648,606.7944088,5/23/2024
2023-2024,12/24/2023,12/30/2023,Hampden,465824.9991,414,5149,71794,3840,440,0.114583333,88.87457753,824.3439076,5/23/2024
2023-2024,12/24/2023,12/30/2023,Hampshire,162308.0003,76,1157,15434,873,86,0.098510882,46.8245557,537.8662779,5/23/2024
2023-2024,12/24/2023,12/30/2023,Middlesex,1632001.997,1265,13799,136544,7837,1355,0.172897793,77.51216005,480.2077457,5/23/2024
2023-2024,12/24/2023,12/30/2023,Norfolk,725980.9995,482,5280,53776,3131,525,0.167678058,66.39292217,431.2785048,5/23/2024
2023-2024,12/24/2023,12/30/2023,Plymouth,530818.9998,462,4798,44136,2794,497,0.177881174,87.03531716,526.3564418,5/23/2024
2023-2024,12/24/2023,12/30/2023,Statewide (all of MA),7029916.997,5355,60125,663663,38120,5791,0.151915005,76.17444135,542.253913,5/23/2024
2023-2024,12/24/2023,12/30/2023,Suffolk,797935.9991,469,6067,70108,3858,535,0.138672888,58.77664381,483.4974239,5/23/2024
2023-2024,12/24/2023,12/30/2023,Unknown,,38,245,6133,445,38,*,*,*,5/23/2024
2023-2024,12/24/2023,12/30/2023,Worcester,862111.0013,672,6614,76235,4922,716,0.145469321,77.94819913,570.9241609,5/23/2024
2023-2024,12/31/2023,1/6/2024,Barnstable,228995.9998,269,3598,39342,1906,337,0.176810073,117.4693009,832.3289497,5/23/2024
2023-2024,12/31/2023,1/6/2024,Berkshire,129026,102,1765,23496,915,110,0.120218579,79.05383411,709.1593942,5/23/2024
2023-2024,12/31/2023,1/6/2024,Bristol,579200,349,4449,38515,2349,380,0.161770966,60.25552486,405.5593923,5/23/2024
2023-2024,12/31/2023,1/6/2024,Dukes and Nantucket,34855,37,336,4804,328,45,0.137195122,106.1540668,941.0414575,5/23/2024
2023-2024,12/31/2023,1/6/2024,Essex,809829.0011,618,7641,85639,4956,658,0.132768362,76.31240659,611.981047,5/23/2024
2023-2024,12/31/2023,1/6/2024,Franklin,71028.9999,41,643,8567,406,45,0.110837438,57.72290199,571.5975173,5/23/2024
2023-2024,12/31/2023,1/6/2024,Hampden,465824.9991,472,5621,75805,4011,497,0.12390925,101.3256053,861.0529722,5/23/2024
2023-2024,12/31/2023,1/6/2024,Hampshire,162308.0003,100,1257,16342,908,112,0.123348018,61.6112575,559.4302181,5/23/2024
2023-2024,12/31/2023,1/6/2024,Middlesex,1632001.997,1211,15010,144686,8142,1316,0.161631049,74.20334057,498.8964483,5/23/2024
2023-2024,12/31/2023,1/6/2024,Norfolk,725980.9995,421,5701,56992,3216,474,0.14738806,57.99049841,442.9868002,5/23/2024
2023-2024,12/31/2023,1/6/2024,Plymouth,530818.9998,448,5246,47113,2977,485,0.162915687,84.3978833,560.8314701,5/23/2024
2023-2024,12/31/2023,1/6/2024,Statewide (all of MA),7029916.997,5298,65423,703546,39883,5835,0.146302936,75.36362097,567.3324453,5/23/2024
2023-2024,12/31/2023,1/6/2024,Suffolk,797935.9991,522,6589,74309,4201,611,0.145441562,65.41878053,526.4833276,5/23/2024
2023-2024,12/31/2023,1/6/2024,Unknown,,29,274,6521,388,29,*,*,*,5/23/2024
2023-2024,12/31/2023,1/6/2024,Worcester,862111.0013,679,7293,81415,5180,736,0.142084942,78.76015954,600.8507016,5/23/2024
2023-2024,1/7/2024,1/13/2024,Barnstable,228995.9998,217,3815,41074,1732,289,0.166859122,94.76148063,756.3450897,5/23/2024
2023-2024,1/7/2024,1/13/2024,Berkshire,129026,120,1885,24350,854,124,0.145199063,93.00451072,661.8821013,5/23/2024
2023-2024,1/7/2024,1/13/2024,Bristol,579200,325,4774,40785,2270,346,0.152422907,56.11187845,391.9198895,5/23/2024
2023-2024,1/7/2024,1/13/2024,Dukes and Nantucket,34855,33,369,5061,257,36,0.140077821,94.67795151,737.3404103,5/23/2024
2023-2024,1/7/2024,1/13/2024,Essex,809829.0011,515,8156,90083,4444,558,0.125562556,63.59367216,548.7578234,5/23/2024
2023-2024,1/7/2024,1/13/2024,Franklin,71028.9999,43,686,8961,394,44,0.111675127,60.53865331,554.7030094,5/23/2024
2023-2024,1/7/2024,1/13/2024,Hampden,465824.9991,401,6022,79367,3562,425,0.119314992,86.08382993,764.6648434,5/23/2024
2023-2024,1/7/2024,1/13/2024,Hampshire,162308.0003,74,1331,17083,741,88,0.118758435,45.59233055,456.539418,5/23/2024
2023-2024,1/7/2024,1/13/2024,Middlesex,1632001.997,1035,16045,152252,7566,1131,0.149484536,63.41904004,463.6023739,5/23/2024
2023-2024,1/7/2024,1/13/2024,Norfolk,725980.9995,400,6101,60109,3117,460,0.147577799,55.09786073,429.3500797,5/23/2024
2023-2024,1/7/2024,1/13/2024,Plymouth,530818.9998,348,5594,49773,2660,392,0.147368421,65.55907007,501.1124321,5/23/2024
2023-2024,1/7/2024,1/13/2024,Statewide (all of MA),7029916.997,4587,70010,740237,36691,5116,0.139434739,65.24970354,521.9265038,5/23/2024
2023-2024,1/7/2024,1/13/2024,Suffolk,797935.9991,458,7047,78156,3847,545,0.141668833,57.39808713,482.1188672,5/23/2024
2023-2024,1/7/2024,1/13/2024,Unknown,,28,302,6845,324,28,*,*,*,5/23/2024
2023-2024,1/7/2024,1/13/2024,Worcester,862111.0013,590,7883,86338,4923,650,0.132033313,68.43666293,571.0401552,5/23/2024
2023-2024,1/14/2024,1/20/2024,Barnstable,228995.9998,163,3978,42556,1482,211,0.142375169,71.18028269,647.1728769,5/23/2024
2023-2024,1/14/2024,1/20/2024,Berkshire,129026,71,1956,25104,754,85,0.112732095,55.02766884,584.3783423,5/23/2024
2023-2024,1/14/2024,1/20/2024,Bristol,579200,304,5078,42861,2076,324,0.156069364,52.48618785,358.4254144,5/23/2024
2023-2024,1/14/2024,1/20/2024,Dukes and Nantucket,34855,23,392,5257,196,26,0.132653061,65.98766318,562.3296514,5/23/2024
2023-2024,1/14/2024,1/20/2024,Essex,809829.0011,459,8615,93958,3875,500,0.129032258,56.67863208,478.4960769,5/23/2024
2023-2024,1/14/2024,1/20/2024,Franklin,71028.9999,30,716,9254,293,31,0.105802048,42.23626975,412.5075679,5/23/2024
2023-2024,1/14/2024,1/20/2024,Hampden,465824.9991,351,6373,82570,3203,367,0.114580081,75.3501853,687.597275,5/23/2024
2023-2024,1/14/2024,1/20/2024,Hampshire,162308.0003,62,1393,17747,664,82,0.123493976,38.19897965,409.0987498,5/23/2024
2023-2024,1/14/2024,1/20/2024,Middlesex,1632001.997,809,16854,158670,6418,870,0.135556248,49.57101777,393.2593227,5/23/2024
2023-2024,1/14/2024,1/20/2024,Norfolk,725980.9995,274,6375,62650,2541,324,0.127508855,37.7420346,350.0091603,5/23/2024
2023-2024,1/14/2024,1/20/2024,Plymouth,530818.9998,251,5845,51765,1992,283,0.142068273,47.28542123,375.2691597,5/23/2024
2023-2024,1/14/2024,1/20/2024,Statewide (all of MA),7029916.997,3626,73636,771443,31206,4042,0.129526373,51.57955637,443.9028229,5/23/2024
2023-2024,1/14/2024,1/20/2024,Suffolk,797935.9991,333,7380,81533,3377,392,0.11607936,41.73267034,423.2169001,5/23/2024
2023-2024,1/14/2024,1/20/2024,Unknown,,25,327,7140,295,25,*,*,*,5/23/2024
2023-2024,1/14/2024,1/20/2024,Worcester,862111.0013,471,8354,90378,4040,522,0.129207921,54.633336,468.6171495,5/23/2024
2023-2024,1/21/2024,1/27/2024,Barnstable,228995.9998,121,4099,44067,1511,155,0.102581072,52.83935095,659.8368536,5/23/2024
2023-2024,1/21/2024,1/27/2024,Berkshire,129026,82,2038,25961,857,88,0.102683781,63.55308232,664.207214,5/23/2024
2023-2024,1/21/2024,1/27/2024,Bristol,579200,251,5329,44924,2063,263,0.127484246,43.33563536,356.1809392,5/23/2024
2023-2024,1/21/2024,1/27/2024,Dukes and Nantucket,34855,28,420,5496,239,31,0.129707113,80.33280734,685.6978913,5/23/2024
2023-2024,1/21/2024,1/27/2024,Essex,809829.0011,395,9010,98127,4169,435,0.104341569,48.77572913,514.8000373,5/23/2024
2023-2024,1/21/2024,1/27/2024,Franklin,71028.9999,21,737,9587,333,23,0.069069069,29.56538883,468.8225942,5/23/2024
2023-2024,1/21/2024,1/27/2024,Hampden,465824.9991,330,6703,86056,3486,341,0.097819851,70.84205456,748.3497036,5/23/2024
2023-2024,1/21/2024,1/27/2024,Hampshire,162308.0003,62,1455,18413,666,70,0.105105105,38.19897965,410.3309749,5/23/2024
2023-2024,1/21/2024,1/27/2024,Middlesex,1632001.997,782,17636,165553,6883,846,0.122911521,47.91660803,421.7519349,5/23/2024
2023-2024,1/21/2024,1/27/2024,Norfolk,725980.9995,273,6648,65203,2553,313,0.122600862,37.60428995,351.6620961,5/23/2024
2023-2024,1/21/2024,1/27/2024,Plymouth,530818.9998,247,6092,53826,2061,274,0.132945172,46.5318687,388.2679408,5/23/2024
2023-2024,1/21/2024,1/27/2024,Statewide (all of MA),7029916.997,3303,76939,804217,32774,3649,0.111338256,46.98490752,466.207496,5/23/2024
2023-2024,1/21/2024,1/27/2024,Suffolk,797935.9991,290,7670,85037,3504,346,0.098744292,36.34376696,439.1329635,5/23/2024
2023-2024,1/21/2024,1/27/2024,Unknown,,24,351,7461,321,24,*,*,*,5/23/2024
2023-2024,1/21/2024,1/27/2024,Worcester,862111.0013,397,8751,94506,4128,440,0.106589147,46.04975454,478.8246518,5/23/2024
2023-2024,1/28/2024,2/3/2024,Barnstable,228995.9998,131,4230,45532,1465,179,0.1221843,57.20623946,639.7491665,5/23/2024
2023-2024,1/28/2024,2/3/2024,Berkshire,129026,69,2107,26837,876,75,0.085616438,53.47759366,678.9329282,5/23/2024
2023-2024,1/28/2024,2/3/2024,Bristol,579200,163,5492,47041,2117,184,0.086915446,28.14226519,365.5041436,5/23/2024
2023-2024,1/28/2024,2/3/2024,Dukes and Nantucket,34855,25,445,5748,252,31,0.123015873,71.72572084,722.9952661,5/23/2024
2023-2024,1/28/2024,2/3/2024,Essex,809829.0011,379,9389,102391,4264,410,0.096153846,46.80000339,526.5309089,5/23/2024
2023-2024,1/28/2024,2/3/2024,Franklin,71028.9999,17,754,9890,303,17,0.056105611,23.93388619,426.5863245,5/23/2024
2023-2024,1/28/2024,2/3/2024,Hampden,465824.9991,284,6987,89566,3510,292,0.083190883,60.9671015,753.501853,5/23/2024
2023-2024,1/28/2024,2/3/2024,Hampshire,162308.0003,52,1507,19124,711,59,0.082981716,32.0378539,438.0560408,5/23/2024
2023-2024,1/28/2024,2/3/2024,Middlesex,1632001.997,649,18285,172353,6800,699,0.102794118,39.7671082,416.6661568,5/23/2024
2023-2024,1/28/2024,2/3/2024,Norfolk,725980.9995,236,6884,67772,2569,272,0.105877773,32.50773783,353.8660105,5/23/2024
2023-2024,1/28/2024,2/3/2024,Plymouth,530818.9998,221,6313,56061,2235,254,0.113646532,41.63377725,421.0474759,5/23/2024
2023-2024,1/28/2024,2/3/2024,Statewide (all of MA),7029916.997,2862,79801,837435,33218,3176,0.095610813,40.71171824,472.52336,5/23/2024
2023-2024,1/28/2024,2/3/2024,Suffolk,797935.9991,284,7954,88755,3718,327,0.087950511,35.59182695,465.9521571,5/23/2024
2023-2024,1/28/2024,2/3/2024,Unknown,,14,365,7748,287,16,*,*,*,5/23/2024
2023-2024,1/28/2024,2/3/2024,Worcester,862111.0013,338,9089,98617,4111,361,0.087813184,39.20608825,476.8527479,5/23/2024
2023-2024,2/4/2024,2/10/2024,Barnstable,228995.9998,102,4332,46749,1217,145,0.11914544,44.54226279,531.4503315,5/23/2024
2023-2024,2/4/2024,2/10/2024,Berkshire,129026,46,2153,27627,790,52,0.065822785,35.65172911,612.2796956,5/23/2024
2023-2024,2/4/2024,2/10/2024,Bristol,579200,213,5705,49257,2216,233,0.105144404,36.77486188,382.5966851,5/23/2024
2023-2024,2/4/2024,2/10/2024,Dukes and Nantucket,34855,14,459,5945,197,16,0.081218274,40.16640367,565.1986802,5/23/2024
2023-2024,2/4/2024,2/10/2024,Essex,809829.0011,280,9669,106649,4258,300,0.070455613,34.5752004,525.7900117,5/23/2024
2023-2024,2/4/2024,2/10/2024,Franklin,71028.9999,18,772,10220,330,20,0.060606061,25.34176185,464.5989673,5/23/2024
2023-2024,2/4/2024,2/10/2024,Hampden,465824.9991,316,7303,93249,3683,331,0.089872387,67.83663406,790.6402634,5/23/2024
2023-2024,2/4/2024,2/10/2024,Hampshire,162308.0003,41,1548,19830,706,43,0.060906516,25.26061557,434.9754779,5/23/2024
2023-2024,2/4/2024,2/10/2024,Middlesex,1632001.997,553,18838,179779,7426,621,0.083625101,33.88476246,455.023953,5/23/2024
2023-2024,2/4/2024,2/10/2024,Norfolk,725980.9995,194,7078,70332,2560,221,0.086328125,26.72246245,352.6263086,5/23/2024
2023-2024,2/4/2024,2/10/2024,Plymouth,530818.9998,190,6503,58386,2325,207,0.089032258,35.79374515,438.0024078,5/23/2024
2023-2024,2/4/2024,2/10/2024,Statewide (all of MA),7029916.997,2509,82310,871434,33999,2793,0.082149475,35.69032182,483.6330218,5/23/2024
2023-2024,2/4/2024,2/10/2024,Suffolk,797935.9991,217,8171,92505,3750,264,0.0704,27.19516355,469.9625038,5/23/2024
2023-2024,2/4/2024,2/10/2024,Unknown,,10,375,8059,311,11,*,*,*,5/23/2024
2023-2024,2/4/2024,2/10/2024,Worcester,862111.0013,315,9404,102847,4230,329,0.077777778,36.53821834,490.6560749,5/23/2024
2023-2024,2/11/2024,2/17/2024,Barnstable,228995.9998,73,4405,47728,979,101,0.103166496,31.87828611,427.518385,5/23/2024
2023-2024,2/11/2024,2/17/2024,Berkshire,129026,68,2221,28410,783,70,0.089399745,52.70255607,606.8544324,5/23/2024
2023-2024,2/11/2024,2/17/2024,Bristol,579200,133,5838,51064,1807,144,0.079690094,22.96270718,311.9820442,5/23/2024
2023-2024,2/11/2024,2/17/2024,Dukes and Nantucket,34855,6,465,6138,193,6,0.031088083,17.214173,553.7225649,5/23/2024
2023-2024,2/11/2024,2/17/2024,Essex,809829.0011,228,9897,110490,3841,247,0.06430617,28.15409175,474.2976597,5/23/2024
2023-2024,2/11/2024,2/17/2024,Franklin,71028.9999,18,790,10513,293,18,0.061433447,25.34176185,412.5075679,5/23/2024
2023-2024,2/11/2024,2/17/2024,Hampden,465824.9991,233,7536,96644,3395,243,0.071575847,50.01878397,728.8144704,5/23/2024
2023-2024,2/11/2024,2/17/2024,Hampshire,162308.0003,37,1585,20441,611,41,0.06710311,22.79616527,376.4447833,5/23/2024
2023-2024,2/11/2024,2/17/2024,Middlesex,1632001.997,490,19328,186531,6752,533,0.078939573,30.02447306,413.7249839,5/23/2024
2023-2024,2/11/2024,2/17/2024,Norfolk,725980.9995,157,7235,72643,2311,169,0.073128516,21.62591033,318.3278903,5/23/2024
2023-2024,2/11/2024,2/17/2024,Plymouth,530818.9998,148,6651,60145,1759,177,0.100625355,27.88144359,331.3747248,5/23/2024
2023-2024,2/11/2024,2/17/2024,Statewide (all of MA),7029916.997,2036,84346,901849,30415,2249,0.073943778,28.96193512,432.650912,5/23/2024
2023-2024,2/11/2024,2/17/2024,Suffolk,797935.9991,163,8334,95969,3464,197,0.05687067,20.4277035,434.1200302,5/23/2024
2023-2024,2/11/2024,2/17/2024,Unknown,,7,382,8369,310,7,*,*,*,5/23/2024
2023-2024,2/11/2024,2/17/2024,Worcester,862111.0013,275,9679,106764,3917,296,0.075568037,31.89844458,454.3498452,5/23/2024
2023-2024,2/18/2024,2/24/2024,Barnstable,228995.9998,51,4456,48573,845,78,0.092307692,22.27113139,369.002079,5/23/2024
2023-2024,2/18/2024,2/24/2024,Berkshire,129026,46,2267,29052,642,51,0.079439252,35.65172911,497.5741323,5/23/2024
2023-2024,2/18/2024,2/24/2024,Bristol,579200,108,5946,52719,1655,117,0.070694864,18.64640884,285.7389503,5/23/2024
2023-2024,2/18/2024,2/24/2024,Dukes and Nantucket,34855,8,473,6287,149,8,0.053691275,22.95223067,427.4852962,5/23/2024
2023-2024,2/18/2024,2/24/2024,Essex,809829.0011,176,10073,114120,3630,198,0.054545455,21.73298311,448.2427766,5/23/2024
2023-2024,2/18/2024,2/24/2024,Franklin,71028.9999,27,817,10822,309,27,0.087378641,38.01264278,435.0335784,5/23/2024
2023-2024,2/18/2024,2/24/2024,Hampden,465824.9991,172,7708,99665,3021,186,0.061569017,36.92373753,648.5268085,5/23/2024
2023-2024,2/18/2024,2/24/2024,Hampshire,162308.0003,31,1616,21020,579,34,0.058721934,19.09948982,356.7291809,5/23/2024
2023-2024,2/18/2024,2/24/2024,Middlesex,1632001.997,370,19698,192529,5998,404,0.067355785,22.67154089,367.5240601,5/23/2024
2023-2024,2/18/2024,2/24/2024,Norfolk,725980.9995,96,7331,74745,2102,113,0.053758325,13.22348657,289.5392581,5/23/2024
2023-2024,2/18/2024,2/24/2024,Plymouth,530818.9998,103,6754,61754,1609,126,0.078309509,19.40397763,303.116505,5/23/2024
2023-2024,2/18/2024,2/24/2024,Statewide (all of MA),7029916.997,1536,85882,929599,27750,1738,0.062630631,21.84947561,394.7415028,5/23/2024
2023-2024,2/18/2024,2/24/2024,Suffolk,797935.9991,147,8481,99149,3180,168,0.052830189,18.42253015,398.5282032,5/23/2024
2023-2024,2/18/2024,2/24/2024,Unknown,,4,386,8622,253,4,*,*,*,5/23/2024
2023-2024,2/18/2024,2/24/2024,Worcester,862111.0013,197,9876,110542,3778,224,0.05929063,22.85088576,438.2266314,5/23/2024
2023-2024,2/25/2024,3/2/2024,Barnstable,228995.9998,49,4505,49475,902,63,0.069844789,21.39775369,393.8933435,5/23/2024
2023-2024,2/25/2024,3/2/2024,Berkshire,129026,43,2310,29722,670,45,0.067164179,33.32661634,519.2751848,5/23/2024
2023-2024,2/25/2024,3/2/2024,Bristol,579200,99,6045,54397,1678,107,0.063766389,17.09254144,289.7099448,5/23/2024
2023-2024,2/25/2024,3/2/2024,Dukes and Nantucket,34855,6,479,6422,135,6,0.044444444,17.214173,387.3188926,5/23/2024
2023-2024,2/25/2024,3/2/2024,Essex,809829.0011,139,10212,117816,3696,156,0.042207792,17.16411734,456.3926452,5/23/2024
2023-2024,2/25/2024,3/2/2024,Franklin,71028.9999,18,835,11098,276,18,0.065217391,25.34176185,388.5736817,5/23/2024
2023-2024,2/25/2024,3/2/2024,Hampden,465824.9991,135,7843,102754,3089,148,0.047911946,28.9808405,663.1245652,5/23/2024
2023-2024,2/25/2024,3/2/2024,Hampshire,162308.0003,32,1648,21609,589,36,0.061120543,19.7156024,362.8903066,5/23/2024
2023-2024,2/25/2024,3/2/2024,Middlesex,1632001.997,372,20070,198792,6263,415,0.066262175,22.79408976,383.7617853,5/23/2024
2023-2024,2/25/2024,3/2/2024,Norfolk,725980.9995,97,7428,76900,2155,111,0.051508121,13.36123123,296.8397247,5/23/2024
2023-2024,2/25/2024,3/2/2024,Plymouth,530818.9998,81,6835,63491,1737,92,0.052964882,15.25943872,327.2301859,5/23/2024
2023-2024,2/25/2024,3/2/2024,Statewide (all of MA),7029916.997,1359,87241,957993,28394,1518,0.053461999,19.33166495,403.9023507,5/23/2024
2023-2024,2/25/2024,3/2/2024,Suffolk,797935.9991,117,8598,102385,3236,130,0.040173053,14.66283012,405.5463099,5/23/2024
2023-2024,2/25/2024,3/2/2024,Unknown,,6,392,8882,260,6,*,*,*,5/23/2024
2023-2024,2/25/2024,3/2/2024,Worcester,862111.0013,165,10041,114250,3708,185,0.049892125,19.13906675,430.1070273,5/23/2024
2023-2024,3/3/2024,3/9/2024,Barnstable,228995.9998,32,4537,50282,807,40,0.049566295,13.97404323,352.4079026,5/23/2024
2023-2024,3/3/2024,3/9/2024,Berkshire,129026,30,2340,30311,589,34,0.057724958,23.25112768,456.4971401,5/23/2024
2023-2024,3/3/2024,3/9/2024,Bristol,579200,68,6113,55937,1540,77,0.05,11.74033149,265.8839779,5/23/2024
2023-2024,3/3/2024,3/9/2024,Dukes and Nantucket,34855,5,484,6582,160,6,0.0375,14.34514417,459.0446134,5/23/2024
2023-2024,3/3/2024,3/9/2024,Essex,809829.0011,107,10319,121113,3297,111,0.03366697,13.21266587,407.1229847,5/23/2024
2023-2024,3/3/2024,3/9/2024,Franklin,71028.9999,10,845,11393,295,10,0.033898305,14.07875658,415.3233192,5/23/2024
2023-2024,3/3/2024,3/9/2024,Hampden,465824.9991,125,7968,105564,2810,132,0.046975089,26.83411157,603.2308282,5/23/2024
2023-2024,3/3/2024,3/9/2024,Hampshire,162308.0003,23,1671,22137,528,27,0.051136364,14.17058922,325.3074396,5/23/2024
2023-2024,3/3/2024,3/9/2024,Middlesex,1632001.997,242,20312,204577,5785,267,0.046153846,14.82841323,354.4726055,5/23/2024
2023-2024,3/3/2024,3/9/2024,Norfolk,725980.9995,99,7527,78928,2028,109,0.053747535,13.63672053,279.3461539,5/23/2024
2023-2024,3/3/2024,3/9/2024,Plymouth,530818.9998,78,6913,65153,1662,85,0.051143201,14.69427433,313.101076,5/23/2024
2023-2024,3/3/2024,3/9/2024,Statewide (all of MA),7029916.997,1042,88283,984394,26401,1146,0.043407447,14.82236562,375.552087,5/23/2024
2023-2024,3/3/2024,3/9/2024,Suffolk,797935.9991,87,8685,105337,2952,97,0.032859079,10.90313009,369.954483,5/23/2024
2023-2024,3/3/2024,3/9/2024,Unknown,,14,406,9170,288,14,*,*,*,5/23/2024
2023-2024,3/3/2024,3/9/2024,Worcester,862111.0013,122,10163,117910,3660,137,0.037431694,14.15130996,424.5392988,5/23/2024
2023-2024,3/10/2024,3/16/2024,Barnstable,228995.9998,33,4570,51131,849,43,0.050647821,14.41073208,370.7488344,5/23/2024
2023-2024,3/10/2024,3/16/2024,Berkshire,129026,26,2366,30913,602,27,0.044850498,20.15097732,466.5726288,5/23/2024
2023-2024,3/10/2024,3/16/2024,Bristol,579200,55,6168,57346,1409,65,0.046132009,9.495856354,243.2665746,5/23/2024
2023-2024,3/10/2024,3/16/2024,Dukes and Nantucket,34855,4,488,6705,123,5,0.040650407,11.47611533,352.8905465,5/23/2024
2023-2024,3/10/2024,3/16/2024,Essex,809829.0011,92,10411,124478,3365,101,0.030014859,11.36042299,415.5198191,5/23/2024
2023-2024,3/10/2024,3/16/2024,Franklin,71028.9999,11,856,11633,240,11,0.045833333,15.48663224,337.890158,5/23/2024
2023-2024,3/10/2024,3/16/2024,Hampden,465824.9991,106,8074,108313,2749,113,0.041105857,22.75532662,590.1357817,5/23/2024
2023-2024,3/10/2024,3/16/2024,Hampshire,162308.0003,10,1681,22620,483,10,0.020703934,6.16112575,297.5823737,5/23/2024
2023-2024,3/10/2024,3/16/2024,Middlesex,1632001.997,208,20520,210116,5539,242,0.043690197,12.74508244,339.3990945,5/23/2024
2023-2024,3/10/2024,3/16/2024,Norfolk,725980.9995,74,7601,80991,2063,87,0.042171595,10.19310423,284.1672167,5/23/2024
2023-2024,3/10/2024,3/16/2024,Plymouth,530818.9998,43,6956,66791,1638,53,0.032356532,8.100689692,308.5797608,5/23/2024
2023-2024,3/10/2024,3/16/2024,Statewide (all of MA),7029916.997,851,89134,1009924,25530,968,0.037916177,12.10540609,363.1621826,5/23/2024
2023-2024,3/10/2024,3/16/2024,Suffolk,797935.9991,76,8761,108109,2772,85,0.030663781,9.52457341,347.3962828,5/23/2024
2023-2024,3/10/2024,3/16/2024,Unknown,,5,411,9418,248,5,*,*,*,5/23/2024
2023-2024,3/10/2024,3/16/2024,Worcester,862111.0013,108,10271,121360,3450,121,0.035072464,12.52738915,400.1804866,5/23/2024
2023-2024,3/17/2024,3/23/2024,Barnstable,228995.9998,33,4603,51871,740,42,0.056756757,14.41073208,323.1497496,5/23/2024
2023-2024,3/17/2024,3/23/2024,Berkshire,129026,19,2385,31496,583,20,0.034305317,14.7257142,451.8469146,5/23/2024
2023-2024,3/17/2024,3/23/2024,Bristol,579200,39,6207,58807,1461,44,0.030116359,6.733425414,252.2444751,5/23/2024
2023-2024,3/17/2024,3/23/2024,Dukes and Nantucket,34855,1,489,6840,135,2,0.014814815,2.869028834,387.3188926,5/23/2024
2023-2024,3/17/2024,3/23/2024,Essex,809829.0011,73,10484,127702,3224,79,0.024503722,9.014248675,398.108736,5/23/2024
2023-2024,3/17/2024,3/23/2024,Franklin,71028.9999,8,864,11867,234,8,0.034188034,11.26300527,329.4429041,5/23/2024
2023-2024,3/17/2024,3/23/2024,Hampden,465824.9991,86,8160,111047,2734,89,0.032553036,18.46186876,586.9156884,5/23/2024
2023-2024,3/17/2024,3/23/2024,Hampshire,162308.0003,14,1695,23107,487,15,0.030800821,8.625576049,300.046824,5/23/2024
2023-2024,3/17/2024,3/23/2024,Middlesex,1632001.997,200,20720,215282,5166,221,0.042779714,12.25488697,316.5437303,5/23/2024
2023-2024,3/17/2024,3/23/2024,Norfolk,725980.9995,68,7669,83044,2053,79,0.038480273,9.366636323,282.7897702,5/23/2024
2023-2024,3/17/2024,3/23/2024,Plymouth,530818.9998,49,7005,68270,1479,52,0.035158891,9.231018486,278.6260478,5/23/2024
2023-2024,3/17/2024,3/23/2024,Statewide (all of MA),7029916.997,743,89877,1034363,24439,824,0.033716601,10.56911483,347.6427959,5/23/2024
2023-2024,3/17/2024,3/23/2024,Suffolk,797935.9991,67,8828,110740,2631,76,0.028886355,8.396663401,329.7256927,5/23/2024
2023-2024,3/17/2024,3/23/2024,Unknown,,1,412,9644,226,1,*,*,*,5/23/2024
2023-2024,3/17/2024,3/23/2024,Worcester,862111.0013,85,10356,124646,3286,96,0.029214851,9.859519235,381.1574142,5/23/2024
2023-2024,3/24/2024,3/30/2024,Barnstable,228995.9998,36,4639,52572,701,44,0.062767475,15.72079863,306.1188844,5/23/2024
2023-2024,3/24/2024,3/30/2024,Berkshire,129026,25,2410,32049,553,26,0.047016275,19.37593973,428.5957869,5/23/2024
2023-2024,3/24/2024,3/30/2024,Bristol,579200,44,6251,60249,1442,47,0.03259362,7.596685083,248.9640884,5/23/2024
2023-2024,3/24/2024,3/30/2024,Dukes and Nantucket,34855,3,492,6988,148,4,0.027027027,8.607086501,424.6162674,5/23/2024
2023-2024,3/24/2024,3/30/2024,Essex,809829.0011,89,10573,130904,3202,99,0.030918176,10.98997441,395.3921131,5/23/2024
2023-2024,3/24/2024,3/30/2024,Franklin,71028.9999,7,871,12099,232,7,0.030172414,9.855129609,326.6271527,5/23/2024
2023-2024,3/24/2024,3/30/2024,Hampden,465824.9991,59,8219,113837,2790,64,0.022939068,12.66570066,598.9373703,5/23/2024
2023-2024,3/24/2024,3/30/2024,Hampshire,162308.0003,14,1709,23586,479,16,0.033402923,8.625576049,295.1179234,5/23/2024
2023-2024,3/24/2024,3/30/2024,Middlesex,1632001.997,193,20913,220404,5122,210,0.04099961,11.82596592,313.8476552,5/23/2024
2023-2024,3/24/2024,3/30/2024,Norfolk,725980.9995,63,7732,84969,1925,77,0.04,8.677913064,265.1584547,5/23/2024
2023-2024,3/24/2024,3/30/2024,Plymouth,530818.9998,56,7061,69830,1560,58,0.037179487,10.54973541,293.8854865,5/23/2024
2023-2024,3/24/2024,3/30/2024,Statewide (all of MA),7029916.997,724,90601,1058673,24310,796,0.032743727,10.29884137,345.8077814,5/23/2024
2023-2024,3/24/2024,3/30/2024,Suffolk,797935.9991,43,8871,113407,2667,47,0.017622797,5.388903377,334.2373327,5/23/2024
2023-2024,3/24/2024,3/30/2024,Unknown,,6,418,9872,228,6,*,*,*,5/23/2024
2023-2024,3/24/2024,3/30/2024,Worcester,862111.0013,86,10442,127907,3261,91,0.02790555,9.975513579,378.2575556,5/23/2024
2023-2024,3/31/2024,4/6/2024,Barnstable,228995.9998,14,4653,53306,734,19,0.025885559,6.113643912,320.5296165,5/23/2024
2023-2024,3/31/2024,4/6/2024,Berkshire,129026,33,2443,32603,554,35,0.063176895,25.57624045,429.3708245,5/23/2024
2023-2024,3/31/2024,4/6/2024,Bristol,579200,47,6298,61675,1426,50,0.035063114,8.114640884,246.2016575,5/23/2024
2023-2024,3/31/2024,4/6/2024,Dukes and Nantucket,34855,4,496,7142,154,5,0.032467532,11.47611533,441.8304404,5/23/2024
2023-2024,3/31/2024,4/6/2024,Essex,809829.0011,59,10632,133852,2948,65,0.022048847,7.285488655,364.027467,5/23/2024
2023-2024,3/31/2024,4/6/2024,Franklin,71028.9999,6,877,12334,235,9,0.038297872,8.44725395,330.8507797,5/23/2024
2023-2024,3/31/2024,4/6/2024,Hampden,465824.9991,54,8273,116398,2561,55,0.021475986,11.5923362,549.7772779,5/23/2024
2023-2024,3/31/2024,4/6/2024,Hampshire,162308.0003,12,1721,24054,468,13,0.027777778,7.393350899,288.3406851,5/23/2024
2023-2024,3/31/2024,4/6/2024,Middlesex,1632001.997,195,21108,225503,5099,209,0.040988429,11.94851479,312.4383432,5/23/2024
2023-2024,3/31/2024,4/6/2024,Norfolk,725980.9995,67,7799,86741,1772,83,0.046839729,9.228891672,244.083523,5/23/2024
2023-2024,3/31/2024,4/6/2024,Plymouth,530818.9998,40,7101,71103,1273,47,0.03692066,7.535525295,239.8180925,5/23/2024
2023-2024,3/31/2024,4/6/2024,Statewide (all of MA),7029916.997,656,91257,1081797,23124,726,0.031395952,9.331546877,328.9370274,5/23/2024
2023-2024,3/31/2024,4/6/2024,Suffolk,797935.9991,52,8923,115948,2541,56,0.022038567,6.516813386,318.4465926,5/23/2024
2023-2024,3/31/2024,4/6/2024,Unknown,,3,421,10083,211,3,*,*,*,5/23/2024
2023-2024,3/31/2024,4/6/2024,Worcester,862111.0013,70,10512,131055,3148,77,0.024459975,8.119604076,365.1501947,5/23/2024
2023-2024,4/7/2024,4/13/2024,Barnstable,228995.9998,17,4670,54018,712,21,0.029494382,7.423710464,310.9224618,5/23/2024
2023-2024,4/7/2024,4/13/2024,Berkshire,129026,23,2466,33125,522,24,0.045977011,17.82586455,404.5696216,5/23/2024
2023-2024,4/7/2024,4/13/2024,Bristol,579200,44,6342,63074,1399,46,0.032880629,7.596685083,241.5400552,5/23/2024
2023-2024,4/7/2024,4/13/2024,Dukes and Nantucket,34855,5,501,7274,132,6,0.045454545,14.34514417,378.7118061,5/23/2024
2023-2024,4/7/2024,4/13/2024,Essex,809829.0011,68,10700,136672,2820,72,0.025531915,8.396834382,348.2216611,5/23/2024
2023-2024,4/7/2024,4/13/2024,Franklin,71028.9999,5,882,12538,204,5,0.024509804,7.039378292,287.2066343,5/23/2024
2023-2024,4/7/2024,4/13/2024,Hampden,465824.9991,51,8324,118876,2478,53,0.021388216,10.94831752,531.9594279,5/23/2024
2023-2024,4/7/2024,4/13/2024,Hampshire,162308.0003,10,1731,24485,431,11,0.025522042,6.16112575,265.5445198,5/23/2024
2023-2024,4/7/2024,4/13/2024,Middlesex,1632001.997,162,21270,230119,4616,178,0.038561525,9.926458442,282.8427912,5/23/2024
2023-2024,4/7/2024,4/13/2024,Norfolk,725980.9995,58,7857,88494,1753,66,0.037649743,7.989189805,241.4663746,5/23/2024
2023-2024,4/7/2024,4/13/2024,Plymouth,530818.9998,28,7129,72284,1181,30,0.025402202,5.274867706,222.4863843,5/23/2024
2023-2024,4/7/2024,4/13/2024,Statewide (all of MA),7029916.997,600,91857,1103846,22049,660,0.02993333,8.534951412,313.6452395,5/23/2024
2023-2024,4/7/2024,4/13/2024,Suffolk,797935.9991,64,8987,118495,2547,72,0.028268551,8.020693398,319.1985326,5/23/2024
2023-2024,4/7/2024,4/13/2024,Unknown,,1,422,10314,231,1,*,*,*,5/23/2024
2023-2024,4/7/2024,4/13/2024,Worcester,862111.0013,64,10576,134078,3023,75,0.024809792,7.423638012,350.6509017,5/23/2024
2023-2024,4/14/2024,4/20/2024,Barnstable,228995.9998,17,4687,54623,605,23,0.038016529,7.423710464,264.1967548,5/23/2024
2023-2024,4/14/2024,4/20/2024,Berkshire,129026,14,2480,33533,408,14,0.034313725,10.85052625,316.2153364,5/23/2024
2023-2024,4/14/2024,4/20/2024,Bristol,579200,31,6373,64167,1093,33,0.030192132,5.352209945,188.7085635,5/23/2024
2023-2024,4/14/2024,4/20/2024,Dukes and Nantucket,34855,3,504,7386,112,7,0.0625,8.607086501,321.3312294,5/23/2024
2023-2024,4/14/2024,4/20/2024,Essex,809829.0011,65,10765,138941,2269,71,0.031291318,8.026385806,280.1826061,5/23/2024
2023-2024,4/14/2024,4/20/2024,Franklin,71028.9999,8,890,12725,187,8,0.042780749,11.26300527,263.2727481,5/23/2024
2023-2024,4/14/2024,4/20/2024,Hampden,465824.9991,53,8377,121053,2177,57,0.02618282,11.37766331,467.3428872,5/23/2024
2023-2024,4/14/2024,4/20/2024,Hampshire,162308.0003,11,1742,24890,405,12,0.02962963,6.777238324,249.5255929,5/23/2024
2023-2024,4/14/2024,4/20/2024,Middlesex,1632001.997,149,21419,233883,3764,164,0.04357067,9.129890789,230.6369727,5/23/2024
2023-2024,4/14/2024,4/20/2024,Norfolk,725980.9995,32,7889,89947,1453,48,0.0330351,4.407828858,200.1429791,5/23/2024
2023-2024,4/14/2024,4/20/2024,Plymouth,530818.9998,22,7151,73209,925,26,0.028108108,4.144538912,174.2590224,5/23/2024
2023-2024,4/14/2024,4/20/2024,Statewide (all of MA),7029916.997,499,92356,1121884,18038,568,0.031489079,7.098234591,256.5890893,5/23/2024
2023-2024,4/14/2024,4/20/2024,Suffolk,797935.9991,43,9030,120574,2079,51,0.024531025,5.388903377,260.5472121,5/23/2024
2023-2024,4/14/2024,4/20/2024,Unknown,,0,422,10526,212,0,*,*,*,5/23/2024
2023-2024,4/14/2024,4/20/2024,Worcester,862111.0013,51,10627,136427,2349,54,0.022988506,5.915711541,272.4707139,5/23/2024
2023-2024,4/21/2024,4/27/2024,Barnstable,228995.9998,13,4700,55197,574,15,0.026132404,5.676955061,250.6594004,5/23/2024
2023-2024,4/21/2024,4/27/2024,Berkshire,129026,17,2497,33954,421,21,0.049881235,13.17563902,326.2908251,5/23/2024
2023-2024,4/21/2024,4/27/2024,Bristol,579200,30,6403,65206,1039,33,0.031761309,5.179558011,179.3853591,5/23/2024
2023-2024,4/21/2024,4/27/2024,Dukes and Nantucket,34855,1,505,7477,91,1,0.010989011,2.869028834,261.0816239,5/23/2024
2023-2024,4/21/2024,4/27/2024,Essex,809829.0011,60,10825,141213,2272,67,0.029489437,7.408971514,280.5530546,5/23/2024
2023-2024,4/21/2024,4/27/2024,Franklin,71028.9999,2,892,12897,172,2,0.011627907,2.815751317,242.1546132,5/23/2024
2023-2024,4/21/2024,4/27/2024,Hampden,465824.9991,47,8424,122979,1926,52,0.026998962,10.08962595,413.4599911,5/23/2024
2023-2024,4/21/2024,4/27/2024,Hampshire,162308.0003,17,1759,25287,397,18,0.04534005,10.47391377,244.5966923,5/23/2024
2023-2024,4/21/2024,4/27/2024,Middlesex,1632001.997,136,21555,237766,3883,150,0.038629925,8.333323136,237.9286304,5/23/2024
2023-2024,4/21/2024,4/27/2024,Norfolk,725980.9995,45,7934,91242,1295,53,0.040926641,6.198509332,178.3793241,5/23/2024
2023-2024,4/21/2024,4/27/2024,Plymouth,530818.9998,21,7172,74200,991,23,0.02320888,3.95615078,186.6926392,5/23/2024
2023-2024,4/21/2024,4/27/2024,Statewide (all of MA),7029916.997,498,92854,1139562,17678,551,0.031168684,7.084009672,251.4681184,5/23/2024
2023-2024,4/21/2024,4/27/2024,Suffolk,797935.9991,52,9082,122604,2030,55,0.027093596,6.516813386,254.4063687,5/23/2024
2023-2024,4/21/2024,4/27/2024,Unknown,,2,424,10707,181,2,*,*,*,5/23/2024
2023-2024,4/21/2024,4/27/2024,Worcester,862111.0013,55,10682,138833,2406,59,0.024522028,6.379688917,279.0823915,5/23/2024
2023-2024,4/28/2024,5/4/2024,Barnstable,228995.9998,24,4724,55760,563,28,0.04973357,10.48053242,245.855823,5/23/2024
2023-2024,4/28/2024,5/4/2024,Berkshire,129026,22,2519,34356,402,24,0.059701493,17.05082697,311.5651109,5/23/2024
2023-2024,4/28/2024,5/4/2024,Bristol,579200,34,6437,66168,962,36,0.037422037,5.870165746,166.0911602,5/23/2024
2023-2024,4/28/2024,5/4/2024,Dukes and Nantucket,34855,4,509,7577,100,4,0.04,11.47611533,286.9028834,5/23/2024
2023-2024,4/28/2024,5/4/2024,Essex,809829.0011,61,10886,143194,1981,70,0.035335689,7.532454372,244.6195428,5/23/2024
2023-2024,4/28/2024,5/4/2024,Franklin,71028.9999,6,898,13076,179,6,0.033519553,8.44725395,252.0097429,5/23/2024
2023-2024,4/28/2024,5/4/2024,Hampden,465824.9991,40,8464,124623,1644,43,0.026155718,8.586915704,352.9222354,5/23/2024
2023-2024,4/28/2024,5/4/2024,Hampshire,162308.0003,12,1771,25683,396,16,0.04040404,7.393350899,243.9805797,5/23/2024
2023-2024,4/28/2024,5/4/2024,Middlesex,1632001.997,127,21682,241162,3396,139,0.040930506,7.781853223,208.0879807,5/23/2024
2023-2024,4/28/2024,5/4/2024,Norfolk,725980.9995,58,7992,92522,1280,62,0.0484375,7.989189805,176.3131543,5/23/2024
2023-2024,4/28/2024,5/4/2024,Plymouth,530818.9998,38,7210,75243,1043,50,0.047938639,7.15874903,196.4888221,5/23/2024
2023-2024,4/28/2024,5/4/2024,Statewide (all of MA),7029916.997,524,93378,1155870,16308,591,0.036239882,7.453857567,231.9799794,5/23/2024
2023-2024,4/28/2024,5/4/2024,Suffolk,797935.9991,51,9133,124534,1930,61,0.031606218,6.391490052,241.8740353,5/23/2024
2023-2024,4/28/2024,5/4/2024,Unknown,,1,425,10892,185,1,*,*,*,5/23/2024
2023-2024,4/28/2024,5/4/2024,Worcester,862111.0013,46,10728,141080,2247,51,0.022696929,5.335739821,260.6392908,5/23/2024
2023-2024,5/5/2024,5/11/2024,Barnstable,228995.9998,15,4739,56272,512,20,0.0390625,6.550332763,223.5846916,5/23/2024
2023-2024,5/5/2024,5/11/2024,Berkshire,129026,18,2537,34743,387,19,0.049095607,13.95067661,299.9395471,5/23/2024
2023-2024,5/5/2024,5/11/2024,Bristol,579200,48,6485,67107,939,52,0.055378062,8.287292818,162.1201657,5/23/2024
2023-2024,5/5/2024,5/11/2024,Dukes and Nantucket,34855,4,513,7689,112,5,0.044642857,11.47611533,321.3312294,5/23/2024
2023-2024,5/5/2024,5/11/2024,Essex,809829.0011,66,10952,145244,2050,69,0.033658537,8.149868665,253.13986,5/23/2024
2023-2024,5/5/2024,5/11/2024,Franklin,71028.9999,4,902,13247,171,4,0.023391813,5.631502634,240.7467376,5/23/2024
2023-2024,5/5/2024,5/11/2024,Hampden,465824.9991,35,8499,126125,1502,39,0.025965379,7.513551241,322.4386847,5/23/2024
2023-2024,5/5/2024,5/11/2024,Hampshire,162308.0003,20,1791,26104,421,40,0.095011876,12.3222515,259.3833941,5/23/2024
2023-2024,5/5/2024,5/11/2024,Middlesex,1632001.997,151,21833,244480,3318,159,0.047920434,9.252439659,203.3085748,5/23/2024
2023-2024,5/5/2024,5/11/2024,Norfolk,725980.9995,56,8048,93860,1338,64,0.047832586,7.713700502,184.3023441,5/23/2024
2023-2024,5/5/2024,5/11/2024,Plymouth,530818.9998,34,7244,76259,1016,38,0.037401575,6.405196501,191.4023425,5/23/2024
2023-2024,5/5/2024,5/11/2024,Statewide (all of MA),7029916.997,598,93976,1172130,16260,682,0.041943419,8.506501574,231.2971833,5/23/2024
2023-2024,5/5/2024,5/11/2024,Suffolk,797935.9991,63,9196,126462,1928,79,0.040975104,7.895370064,241.6233886,5/23/2024
2023-2024,5/5/2024,5/11/2024,Unknown,,1,426,11050,158,1,*,*,*,5/23/2024
2023-2024,5/5/2024,5/11/2024,Worcester,862111.0013,83,10811,143488,2408,93,0.038621262,9.627530547,279.3143802,5/23/2024
2023-2024,5/12/2024,5/18/2024,Barnstable,228995.9998,13,4752,56735,463,16,0.034557235,5.676955061,202.1869379,5/23/2024
2023-2024,5/12/2024,5/18/2024,Berkshire,129026,17,2554,35125,382,18,0.047120419,13.17563902,296.0643591,5/23/2024
2023-2024,5/12/2024,5/18/2024,Bristol,579200,41,6526,68060,953,43,0.045120672,7.078729282,164.5372928,5/23/2024
2023-2024,5/12/2024,5/18/2024,Dukes and Nantucket,34855,4,517,7804,115,5,0.043478261,11.47611533,329.9383159,5/23/2024
2023-2024,5/12/2024,5/18/2024,Essex,809829.0011,90,11042,147244,2000,95,0.0475,11.11345727,246.9657171,5/23/2024
2023-2024,5/12/2024,5/18/2024,Franklin,71028.9999,5,907,13407,160,5,0.03125,7.039378292,225.2601053,5/23/2024
2023-2024,5/12/2024,5/18/2024,Hampden,465824.9991,34,8533,127691,1566,38,0.024265645,7.298878348,336.1777498,5/23/2024
2023-2024,5/12/2024,5/18/2024,Hampshire,162308.0003,5,1796,26407,303,5,0.01650165,3.080562875,186.6821102,5/23/2024
2023-2024,5/12/2024,5/18/2024,Middlesex,1632001.997,187,22020,247842,3362,205,0.06097561,11.45831931,206.0046499,5/23/2024
2023-2024,5/12/2024,5/18/2024,Norfolk,725980.9995,40,8088,95061,1201,49,0.040799334,5.509786073,165.4313268,5/23/2024
2023-2024,5/12/2024,5/18/2024,Plymouth,530818.9998,43,7287,77184,925,45,0.048648649,8.100689692,174.2590224,5/23/2024
2023-2024,5/12/2024,5/18/2024,Statewide (all of MA),7029916.997,613,94589,1187745,15615,665,0.042587256,8.719875359,222.1221105,5/23/2024
2023-2024,5/12/2024,5/18/2024,Suffolk,797935.9991,66,9262,128295,1833,69,0.037643208,8.271340067,229.7176719,5/23/2024
2023-2024,5/12/2024,5/18/2024,Unknown,,1,427,11212,162,1,*,*,*,5/23/2024
2023-2024,5/12/2024,5/18/2024,Worcester,862111.0013,67,10878,145678,2190,71,0.032420091,7.771621044,254.0276132,5/23/2024
